province,date,n,province_name
1,0,NA,Hubei
1,1,NA,Hubei
1,2,NA,Hubei
1,3,NA,Hubei
1,4,NA,Hubei
1,5,NA,Hubei
1,6,NA,Hubei
1,7,NA,Hubei
1,8,NA,Hubei
1,9,NA,Hubei
1,10,NA,Hubei
1,11,NA,Hubei
1,12,NA,Hubei
1,13,NA,Hubei
1,14,NA,Hubei
1,15,NA,Hubei
1,16,NA,Hubei
1,17,NA,Hubei
1,18,NA,Hubei
1,19,NA,Hubei
1,20,NA,Hubei
1,21,NA,Hubei
1,22,NA,Hubei
1,23,NA,Hubei
1,24,NA,Hubei
1,25,NA,Hubei
1,26,NA,Hubei
1,27,NA,Hubei
1,28,NA,Hubei
1,29,NA,Hubei
1,30,NA,Hubei
1,31,NA,Hubei
1,32,NA,Hubei
1,33,NA,Hubei
1,34,NA,Hubei
1,35,NA,Hubei
1,36,NA,Hubei
1,37,NA,Hubei
1,38,NA,Hubei
1,39,NA,Hubei
1,40,NA,Hubei
1,41,NA,Hubei
1,42,NA,Hubei
1,43,NA,Hubei
1,44,NA,Hubei
1,45,NA,Hubei
1,46,NA,Hubei
1,47,NA,Hubei
1,48,NA,Hubei
1,49,NA,Hubei
1,50,NA,Hubei
1,51,NA,Hubei
1,52,NA,Hubei
1,53,NA,Hubei
1,54,NA,Hubei
1,55,NA,Hubei
1,56,NA,Hubei
1,57,NA,Hubei
1,58,NA,Hubei
1,59,NA,Hubei
1,60,NA,Hubei
1,61,NA,Hubei
1,62,NA,Hubei
1,63,NA,Hubei
1,64,NA,Hubei
1,65,NA,Hubei
1,66,NA,Hubei
1,67,NA,Hubei
1,68,NA,Hubei
1,69,NA,Hubei
1,70,NA,Hubei
1,71,NA,Hubei
1,72,NA,Hubei
1,73,NA,Hubei
1,74,NA,Hubei
1,75,NA,Hubei
1,76,NA,Hubei
1,77,NA,Hubei
1,78,NA,Hubei
1,79,NA,Hubei
1,80,NA,Hubei
1,81,NA,Hubei
1,82,NA,Hubei
1,83,0,Hubei
1,84,105,Hubei
1,85,212,Hubei
1,86,297,Hubei
1,87,365,Hubei
1,88,2131,Hubei
1,89,0,Hubei
1,90,1349,Hubei
1,91,903,Hubei
1,92,1347,Hubei
1,93,4024,Hubei
1,94,2345,Hubei
1,95,3156,Hubei
1,96,2987,Hubei
1,97,2447,Hubei
1,98,2841,Hubei
1,99,2147,Hubei
1,100,2531,Hubei
1,101,2097,Hubei
1,102,1638,Hubei
1,103,0,Hubei
1,104,14840,Hubei
1,105,6200,Hubei
1,106,1843,Hubei
1,107,1933,Hubei
1,108,1807,Hubei
1,109,1693,Hubei
1,110,349,Hubei
1,111,411,Hubei
1,112,220,Hubei
1,113,1422,Hubei
1,114,0,Hubei
1,115,203,Hubei
1,116,499,Hubei
1,117,401,Hubei
1,118,409,Hubei
1,119,318,Hubei
1,120,423,Hubei
1,121,570,Hubei
1,122,196,Hubei
1,123,114,Hubei
2,0,NA,Guangdong
2,1,NA,Guangdong
2,2,NA,Guangdong
2,3,NA,Guangdong
2,4,NA,Guangdong
2,5,NA,Guangdong
2,6,NA,Guangdong
2,7,NA,Guangdong
2,8,NA,Guangdong
2,9,NA,Guangdong
2,10,NA,Guangdong
2,11,NA,Guangdong
2,12,NA,Guangdong
2,13,NA,Guangdong
2,14,NA,Guangdong
2,15,NA,Guangdong
2,16,NA,Guangdong
2,17,NA,Guangdong
2,18,NA,Guangdong
2,19,NA,Guangdong
2,20,NA,Guangdong
2,21,NA,Guangdong
2,22,NA,Guangdong
2,23,NA,Guangdong
2,24,NA,Guangdong
2,25,NA,Guangdong
2,26,NA,Guangdong
2,27,NA,Guangdong
2,28,NA,Guangdong
2,29,NA,Guangdong
2,30,NA,Guangdong
2,31,NA,Guangdong
2,32,NA,Guangdong
2,33,NA,Guangdong
2,34,NA,Guangdong
2,35,NA,Guangdong
2,36,NA,Guangdong
2,37,NA,Guangdong
2,38,NA,Guangdong
2,39,NA,Guangdong
2,40,NA,Guangdong
2,41,NA,Guangdong
2,42,NA,Guangdong
2,43,NA,Guangdong
2,44,NA,Guangdong
2,45,NA,Guangdong
2,46,NA,Guangdong
2,47,NA,Guangdong
2,48,NA,Guangdong
2,49,NA,Guangdong
2,50,NA,Guangdong
2,51,NA,Guangdong
2,52,NA,Guangdong
2,53,NA,Guangdong
2,54,NA,Guangdong
2,55,NA,Guangdong
2,56,NA,Guangdong
2,57,NA,Guangdong
2,58,NA,Guangdong
2,59,NA,Guangdong
2,60,NA,Guangdong
2,61,NA,Guangdong
2,62,NA,Guangdong
2,63,NA,Guangdong
2,64,NA,Guangdong
2,65,NA,Guangdong
2,66,NA,Guangdong
2,67,NA,Guangdong
2,68,NA,Guangdong
2,69,NA,Guangdong
2,70,NA,Guangdong
2,71,NA,Guangdong
2,72,NA,Guangdong
2,73,NA,Guangdong
2,74,NA,Guangdong
2,75,NA,Guangdong
2,76,NA,Guangdong
2,77,NA,Guangdong
2,78,NA,Guangdong
2,79,NA,Guangdong
2,80,NA,Guangdong
2,81,NA,Guangdong
2,82,NA,Guangdong
2,83,6,Guangdong
2,84,21,Guangdong
2,85,25,Guangdong
2,86,33,Guangdong
2,87,40,Guangdong
2,88,56,Guangdong
2,89,70,Guangdong
2,90,77,Guangdong
2,91,82,Guangdong
2,92,99,Guangdong
2,93,97,Guangdong
2,94,93,Guangdong
2,95,88,Guangdong
2,96,82,Guangdong
2,97,75,Guangdong
2,98,64,Guangdong
2,99,61,Guangdong
2,100,36,Guangdong
2,101,28,Guangdong
2,102,18,Guangdong
2,103,42,Guangdong
2,104,22,Guangdong
2,105,20,Guangdong
2,106,33,Guangdong
2,107,22,Guangdong
2,108,6,Guangdong
2,109,6,Guangdong
2,110,3,Guangdong
2,111,1,Guangdong
2,112,1,Guangdong
2,113,6,Guangdong
2,114,3,Guangdong
2,115,3,Guangdong
2,116,2,Guangdong
2,117,0,Guangdong
2,118,0,Guangdong
2,119,1,Guangdong
2,120,1,Guangdong
2,121,0,Guangdong
2,122,1,Guangdong
2,123,0,Guangdong
3,0,NA,Henan
3,1,NA,Henan
3,2,NA,Henan
3,3,NA,Henan
3,4,NA,Henan
3,5,NA,Henan
3,6,NA,Henan
3,7,NA,Henan
3,8,NA,Henan
3,9,NA,Henan
3,10,NA,Henan
3,11,NA,Henan
3,12,NA,Henan
3,13,NA,Henan
3,14,NA,Henan
3,15,NA,Henan
3,16,NA,Henan
3,17,NA,Henan
3,18,NA,Henan
3,19,NA,Henan
3,20,NA,Henan
3,21,NA,Henan
3,22,NA,Henan
3,23,NA,Henan
3,24,NA,Henan
3,25,NA,Henan
3,26,NA,Henan
3,27,NA,Henan
3,28,NA,Henan
3,29,NA,Henan
3,30,NA,Henan
3,31,NA,Henan
3,32,NA,Henan
3,33,NA,Henan
3,34,NA,Henan
3,35,NA,Henan
3,36,NA,Henan
3,37,NA,Henan
3,38,NA,Henan
3,39,NA,Henan
3,40,NA,Henan
3,41,NA,Henan
3,42,NA,Henan
3,43,NA,Henan
3,44,NA,Henan
3,45,NA,Henan
3,46,NA,Henan
3,47,NA,Henan
3,48,NA,Henan
3,49,NA,Henan
3,50,NA,Henan
3,51,NA,Henan
3,52,NA,Henan
3,53,NA,Henan
3,54,NA,Henan
3,55,NA,Henan
3,56,NA,Henan
3,57,NA,Henan
3,58,NA,Henan
3,59,NA,Henan
3,60,NA,Henan
3,61,NA,Henan
3,62,NA,Henan
3,63,NA,Henan
3,64,NA,Henan
3,65,NA,Henan
3,66,NA,Henan
3,67,NA,Henan
3,68,NA,Henan
3,69,NA,Henan
3,70,NA,Henan
3,71,NA,Henan
3,72,NA,Henan
3,73,NA,Henan
3,74,NA,Henan
3,75,NA,Henan
3,76,NA,Henan
3,77,NA,Henan
3,78,NA,Henan
3,79,NA,Henan
3,80,NA,Henan
3,81,NA,Henan
3,82,NA,Henan
3,83,0,Henan
3,84,4,Henan
3,85,23,Henan
3,86,51,Henan
3,87,45,Henan
3,88,40,Henan
3,89,38,Henan
3,90,72,Henan
3,91,74,Henan
3,92,70,Henan
3,93,71,Henan
3,94,73,Henan
3,95,109,Henan
3,96,89,Henan
3,97,87,Henan
3,98,63,Henan
3,99,67,Henan
3,100,52,Henan
3,101,40,Henan
3,102,32,Henan
3,103,30,Henan
3,104,34,Henan
3,105,15,Henan
3,106,28,Henan
3,107,19,Henan
3,108,15,Henan
3,109,11,Henan
3,110,5,Henan
3,111,3,Henan
3,112,2,Henan
3,113,3,Henan
3,114,1,Henan
3,115,0,Henan
3,116,0,Henan
3,117,0,Henan
3,118,1,Henan
3,119,0,Henan
3,120,0,Henan
3,121,0,Henan
3,122,0,Henan
3,123,0,Henan
4,0,NA,Zhejiang
4,1,NA,Zhejiang
4,2,NA,Zhejiang
4,3,NA,Zhejiang
4,4,NA,Zhejiang
4,5,NA,Zhejiang
4,6,NA,Zhejiang
4,7,NA,Zhejiang
4,8,NA,Zhejiang
4,9,NA,Zhejiang
4,10,NA,Zhejiang
4,11,NA,Zhejiang
4,12,NA,Zhejiang
4,13,NA,Zhejiang
4,14,NA,Zhejiang
4,15,NA,Zhejiang
4,16,NA,Zhejiang
4,17,NA,Zhejiang
4,18,NA,Zhejiang
4,19,NA,Zhejiang
4,20,NA,Zhejiang
4,21,NA,Zhejiang
4,22,NA,Zhejiang
4,23,NA,Zhejiang
4,24,NA,Zhejiang
4,25,NA,Zhejiang
4,26,NA,Zhejiang
4,27,NA,Zhejiang
4,28,NA,Zhejiang
4,29,NA,Zhejiang
4,30,NA,Zhejiang
4,31,NA,Zhejiang
4,32,NA,Zhejiang
4,33,NA,Zhejiang
4,34,NA,Zhejiang
4,35,NA,Zhejiang
4,36,NA,Zhejiang
4,37,NA,Zhejiang
4,38,NA,Zhejiang
4,39,NA,Zhejiang
4,40,NA,Zhejiang
4,41,NA,Zhejiang
4,42,NA,Zhejiang
4,43,NA,Zhejiang
4,44,NA,Zhejiang
4,45,NA,Zhejiang
4,46,NA,Zhejiang
4,47,NA,Zhejiang
4,48,NA,Zhejiang
4,49,NA,Zhejiang
4,50,NA,Zhejiang
4,51,NA,Zhejiang
4,52,NA,Zhejiang
4,53,NA,Zhejiang
4,54,NA,Zhejiang
4,55,NA,Zhejiang
4,56,NA,Zhejiang
4,57,NA,Zhejiang
4,58,NA,Zhejiang
4,59,NA,Zhejiang
4,60,NA,Zhejiang
4,61,NA,Zhejiang
4,62,NA,Zhejiang
4,63,NA,Zhejiang
4,64,NA,Zhejiang
4,65,NA,Zhejiang
4,66,NA,Zhejiang
4,67,NA,Zhejiang
4,68,NA,Zhejiang
4,69,NA,Zhejiang
4,70,NA,Zhejiang
4,71,NA,Zhejiang
4,72,NA,Zhejiang
4,73,NA,Zhejiang
4,74,NA,Zhejiang
4,75,NA,Zhejiang
4,76,NA,Zhejiang
4,77,NA,Zhejiang
4,78,NA,Zhejiang
4,79,NA,Zhejiang
4,80,NA,Zhejiang
4,81,NA,Zhejiang
4,82,NA,Zhejiang
4,83,17,Zhejiang
4,84,16,Zhejiang
4,85,19,Zhejiang
4,86,42,Zhejiang
4,87,24,Zhejiang
4,88,45,Zhejiang
4,89,123,Zhejiang
4,90,132,Zhejiang
4,91,110,Zhejiang
4,92,61,Zhejiang
4,93,62,Zhejiang
4,94,63,Zhejiang
4,95,105,Zhejiang
4,96,66,Zhejiang
4,97,59,Zhejiang
4,98,52,Zhejiang
4,99,42,Zhejiang
4,100,27,Zhejiang
4,101,17,Zhejiang
4,102,25,Zhejiang
4,103,14,Zhejiang
4,104,14,Zhejiang
4,105,10,Zhejiang
4,106,7,Zhejiang
4,107,5,Zhejiang
4,108,4,Zhejiang
4,109,1,Zhejiang
4,110,2,Zhejiang
4,111,1,Zhejiang
4,112,28,Zhejiang
4,113,2,Zhejiang
4,114,0,Zhejiang
4,115,0,Zhejiang
4,116,0,Zhejiang
4,117,0,Zhejiang
4,118,0,Zhejiang
4,119,0,Zhejiang
4,120,0,Zhejiang
4,121,0,Zhejiang
4,122,1,Zhejiang
4,123,7,Zhejiang
5,0,NA,Hunan
5,1,NA,Hunan
5,2,NA,Hunan
5,3,NA,Hunan
5,4,NA,Hunan
5,5,NA,Hunan
5,6,NA,Hunan
5,7,NA,Hunan
5,8,NA,Hunan
5,9,NA,Hunan
5,10,NA,Hunan
5,11,NA,Hunan
5,12,NA,Hunan
5,13,NA,Hunan
5,14,NA,Hunan
5,15,NA,Hunan
5,16,NA,Hunan
5,17,NA,Hunan
5,18,NA,Hunan
5,19,NA,Hunan
5,20,NA,Hunan
5,21,NA,Hunan
5,22,NA,Hunan
5,23,NA,Hunan
5,24,NA,Hunan
5,25,NA,Hunan
5,26,NA,Hunan
5,27,NA,Hunan
5,28,NA,Hunan
5,29,NA,Hunan
5,30,NA,Hunan
5,31,NA,Hunan
5,32,NA,Hunan
5,33,NA,Hunan
5,34,NA,Hunan
5,35,NA,Hunan
5,36,NA,Hunan
5,37,NA,Hunan
5,38,NA,Hunan
5,39,NA,Hunan
5,40,NA,Hunan
5,41,NA,Hunan
5,42,NA,Hunan
5,43,NA,Hunan
5,44,NA,Hunan
5,45,NA,Hunan
5,46,NA,Hunan
5,47,NA,Hunan
5,48,NA,Hunan
5,49,NA,Hunan
5,50,NA,Hunan
5,51,NA,Hunan
5,52,NA,Hunan
5,53,NA,Hunan
5,54,NA,Hunan
5,55,NA,Hunan
5,56,NA,Hunan
5,57,NA,Hunan
5,58,NA,Hunan
5,59,NA,Hunan
5,60,NA,Hunan
5,61,NA,Hunan
5,62,NA,Hunan
5,63,NA,Hunan
5,64,NA,Hunan
5,65,NA,Hunan
5,66,NA,Hunan
5,67,NA,Hunan
5,68,NA,Hunan
5,69,NA,Hunan
5,70,NA,Hunan
5,71,NA,Hunan
5,72,NA,Hunan
5,73,NA,Hunan
5,74,NA,Hunan
5,75,NA,Hunan
5,76,NA,Hunan
5,77,NA,Hunan
5,78,NA,Hunan
5,79,NA,Hunan
5,80,NA,Hunan
5,81,NA,Hunan
5,82,NA,Hunan
5,83,5,Hunan
5,84,15,Hunan
5,85,19,Hunan
5,86,26,Hunan
5,87,31,Hunan
5,88,43,Hunan
5,89,78,Hunan
5,90,56,Hunan
5,91,55,Hunan
5,92,57,Hunan
5,93,74,Hunan
5,94,58,Hunan
5,95,72,Hunan
5,96,68,Hunan
5,97,50,Hunan
5,98,61,Hunan
5,99,31,Hunan
5,100,35,Hunan
5,101,41,Hunan
5,102,33,Hunan
5,103,34,Hunan
5,104,22,Hunan
5,105,20,Hunan
5,106,13,Hunan
5,107,3,Hunan
5,108,2,Hunan
5,109,1,Hunan
5,110,1,Hunan
5,111,2,Hunan
5,112,1,Hunan
5,113,2,Hunan
5,114,3,Hunan
5,115,0,Hunan
5,116,0,Hunan
5,117,0,Hunan
5,118,1,Hunan
5,119,0,Hunan
5,120,1,Hunan
5,121,0,Hunan
5,122,0,Hunan
5,123,0,Hunan
6,0,NA,Anhui
6,1,NA,Anhui
6,2,NA,Anhui
6,3,NA,Anhui
6,4,NA,Anhui
6,5,NA,Anhui
6,6,NA,Anhui
6,7,NA,Anhui
6,8,NA,Anhui
6,9,NA,Anhui
6,10,NA,Anhui
6,11,NA,Anhui
6,12,NA,Anhui
6,13,NA,Anhui
6,14,NA,Anhui
6,15,NA,Anhui
6,16,NA,Anhui
6,17,NA,Anhui
6,18,NA,Anhui
6,19,NA,Anhui
6,20,NA,Anhui
6,21,NA,Anhui
6,22,NA,Anhui
6,23,NA,Anhui
6,24,NA,Anhui
6,25,NA,Anhui
6,26,NA,Anhui
6,27,NA,Anhui
6,28,NA,Anhui
6,29,NA,Anhui
6,30,NA,Anhui
6,31,NA,Anhui
6,32,NA,Anhui
6,33,NA,Anhui
6,34,NA,Anhui
6,35,NA,Anhui
6,36,NA,Anhui
6,37,NA,Anhui
6,38,NA,Anhui
6,39,NA,Anhui
6,40,NA,Anhui
6,41,NA,Anhui
6,42,NA,Anhui
6,43,NA,Anhui
6,44,NA,Anhui
6,45,NA,Anhui
6,46,NA,Anhui
6,47,NA,Anhui
6,48,NA,Anhui
6,49,NA,Anhui
6,50,NA,Anhui
6,51,NA,Anhui
6,52,NA,Anhui
6,53,NA,Anhui
6,54,NA,Anhui
6,55,NA,Anhui
6,56,NA,Anhui
6,57,NA,Anhui
6,58,NA,Anhui
6,59,NA,Anhui
6,60,NA,Anhui
6,61,NA,Anhui
6,62,NA,Anhui
6,63,NA,Anhui
6,64,NA,Anhui
6,65,NA,Anhui
6,66,NA,Anhui
6,67,NA,Anhui
6,68,NA,Anhui
6,69,NA,Anhui
6,70,NA,Anhui
6,71,NA,Anhui
6,72,NA,Anhui
6,73,NA,Anhui
6,74,NA,Anhui
6,75,NA,Anhui
6,76,NA,Anhui
6,77,NA,Anhui
6,78,NA,Anhui
6,79,NA,Anhui
6,80,NA,Anhui
6,81,NA,Anhui
6,82,NA,Anhui
6,83,8,Anhui
6,84,6,Anhui
6,85,24,Anhui
6,86,21,Anhui
6,87,10,Anhui
6,88,36,Anhui
6,89,46,Anhui
6,90,48,Anhui
6,91,37,Anhui
6,92,60,Anhui
6,93,43,Anhui
6,94,68,Anhui
6,95,72,Anhui
6,96,50,Anhui
6,97,61,Anhui
6,98,74,Anhui
6,99,68,Anhui
6,100,46,Anhui
6,101,51,Anhui
6,102,30,Anhui
6,103,29,Anhui
6,104,21,Anhui
6,105,24,Anhui
6,106,16,Anhui
6,107,12,Anhui
6,108,11,Anhui
6,109,9,Anhui
6,110,4,Anhui
6,111,1,Anhui
6,112,1,Anhui
6,113,1,Anhui
6,114,0,Anhui
6,115,0,Anhui
6,116,0,Anhui
6,117,0,Anhui
6,118,0,Anhui
6,119,1,Anhui
6,120,0,Anhui
6,121,0,Anhui
6,122,0,Anhui
6,123,0,Anhui
7,0,NA,Jiangxi
7,1,NA,Jiangxi
7,2,NA,Jiangxi
7,3,NA,Jiangxi
7,4,NA,Jiangxi
7,5,NA,Jiangxi
7,6,NA,Jiangxi
7,7,NA,Jiangxi
7,8,NA,Jiangxi
7,9,NA,Jiangxi
7,10,NA,Jiangxi
7,11,NA,Jiangxi
7,12,NA,Jiangxi
7,13,NA,Jiangxi
7,14,NA,Jiangxi
7,15,NA,Jiangxi
7,16,NA,Jiangxi
7,17,NA,Jiangxi
7,18,NA,Jiangxi
7,19,NA,Jiangxi
7,20,NA,Jiangxi
7,21,NA,Jiangxi
7,22,NA,Jiangxi
7,23,NA,Jiangxi
7,24,NA,Jiangxi
7,25,NA,Jiangxi
7,26,NA,Jiangxi
7,27,NA,Jiangxi
7,28,NA,Jiangxi
7,29,NA,Jiangxi
7,30,NA,Jiangxi
7,31,NA,Jiangxi
7,32,NA,Jiangxi
7,33,NA,Jiangxi
7,34,NA,Jiangxi
7,35,NA,Jiangxi
7,36,NA,Jiangxi
7,37,NA,Jiangxi
7,38,NA,Jiangxi
7,39,NA,Jiangxi
7,40,NA,Jiangxi
7,41,NA,Jiangxi
7,42,NA,Jiangxi
7,43,NA,Jiangxi
7,44,NA,Jiangxi
7,45,NA,Jiangxi
7,46,NA,Jiangxi
7,47,NA,Jiangxi
7,48,NA,Jiangxi
7,49,NA,Jiangxi
7,50,NA,Jiangxi
7,51,NA,Jiangxi
7,52,NA,Jiangxi
7,53,NA,Jiangxi
7,54,NA,Jiangxi
7,55,NA,Jiangxi
7,56,NA,Jiangxi
7,57,NA,Jiangxi
7,58,NA,Jiangxi
7,59,NA,Jiangxi
7,60,NA,Jiangxi
7,61,NA,Jiangxi
7,62,NA,Jiangxi
7,63,NA,Jiangxi
7,64,NA,Jiangxi
7,65,NA,Jiangxi
7,66,NA,Jiangxi
7,67,NA,Jiangxi
7,68,NA,Jiangxi
7,69,NA,Jiangxi
7,70,NA,Jiangxi
7,71,NA,Jiangxi
7,72,NA,Jiangxi
7,73,NA,Jiangxi
7,74,NA,Jiangxi
7,75,NA,Jiangxi
7,76,NA,Jiangxi
7,77,NA,Jiangxi
7,78,NA,Jiangxi
7,79,NA,Jiangxi
7,80,NA,Jiangxi
7,81,NA,Jiangxi
7,82,NA,Jiangxi
7,83,5,Jiangxi
7,84,11,Jiangxi
7,85,0,Jiangxi
7,86,18,Jiangxi
7,87,36,Jiangxi
7,88,37,Jiangxi
7,89,0,Jiangxi
7,90,53,Jiangxi
7,91,78,Jiangxi
7,92,46,Jiangxi
7,93,47,Jiangxi
7,94,58,Jiangxi
7,95,85,Jiangxi
7,96,72,Jiangxi
7,97,52,Jiangxi
7,98,61,Jiangxi
7,99,37,Jiangxi
7,100,42,Jiangxi
7,101,31,Jiangxi
7,102,33,Jiangxi
7,103,40,Jiangxi
7,104,28,Jiangxi
7,105,28,Jiangxi
7,106,13,Jiangxi
7,107,12,Jiangxi
7,108,5,Jiangxi
7,109,3,Jiangxi
7,110,1,Jiangxi
7,111,0,Jiangxi
7,112,0,Jiangxi
7,113,0,Jiangxi
7,114,0,Jiangxi
7,115,0,Jiangxi
7,116,0,Jiangxi
7,117,0,Jiangxi
7,118,0,Jiangxi
7,119,1,Jiangxi
7,120,0,Jiangxi
7,121,0,Jiangxi
7,122,0,Jiangxi
7,123,0,Jiangxi
8,0,NA,Shandong
8,1,NA,Shandong
8,2,NA,Shandong
8,3,NA,Shandong
8,4,NA,Shandong
8,5,NA,Shandong
8,6,NA,Shandong
8,7,NA,Shandong
8,8,NA,Shandong
8,9,NA,Shandong
8,10,NA,Shandong
8,11,NA,Shandong
8,12,NA,Shandong
8,13,NA,Shandong
8,14,NA,Shandong
8,15,NA,Shandong
8,16,NA,Shandong
8,17,NA,Shandong
8,18,NA,Shandong
8,19,NA,Shandong
8,20,NA,Shandong
8,21,NA,Shandong
8,22,NA,Shandong
8,23,NA,Shandong
8,24,NA,Shandong
8,25,NA,Shandong
8,26,NA,Shandong
8,27,NA,Shandong
8,28,NA,Shandong
8,29,NA,Shandong
8,30,NA,Shandong
8,31,NA,Shandong
8,32,NA,Shandong
8,33,NA,Shandong
8,34,NA,Shandong
8,35,NA,Shandong
8,36,NA,Shandong
8,37,NA,Shandong
8,38,NA,Shandong
8,39,NA,Shandong
8,40,NA,Shandong
8,41,NA,Shandong
8,42,NA,Shandong
8,43,NA,Shandong
8,44,NA,Shandong
8,45,NA,Shandong
8,46,NA,Shandong
8,47,NA,Shandong
8,48,NA,Shandong
8,49,NA,Shandong
8,50,NA,Shandong
8,51,NA,Shandong
8,52,NA,Shandong
8,53,NA,Shandong
8,54,NA,Shandong
8,55,NA,Shandong
8,56,NA,Shandong
8,57,NA,Shandong
8,58,NA,Shandong
8,59,NA,Shandong
8,60,NA,Shandong
8,61,NA,Shandong
8,62,NA,Shandong
8,63,NA,Shandong
8,64,NA,Shandong
8,65,NA,Shandong
8,66,NA,Shandong
8,67,NA,Shandong
8,68,NA,Shandong
8,69,NA,Shandong
8,70,NA,Shandong
8,71,NA,Shandong
8,72,NA,Shandong
8,73,NA,Shandong
8,74,NA,Shandong
8,75,NA,Shandong
8,76,NA,Shandong
8,77,NA,Shandong
8,78,NA,Shandong
8,79,NA,Shandong
8,80,NA,Shandong
8,81,NA,Shandong
8,82,NA,Shandong
8,83,4,Shandong
8,84,9,Shandong
8,85,12,Shandong
8,86,19,Shandong
8,87,29,Shandong
8,88,20,Shandong
8,89,35,Shandong
8,90,28,Shandong
8,91,26,Shandong
8,92,22,Shandong
8,93,24,Shandong
8,94,29,Shandong
8,95,16,Shandong
8,96,32,Shandong
8,97,40,Shandong
8,98,39,Shandong
8,99,30,Shandong
8,100,28,Shandong
8,101,22,Shandong
8,102,21,Shandong
8,103,10,Shandong
8,104,12,Shandong
8,105,14,Shandong
8,106,9,Shandong
8,107,5,Shandong
8,108,4,Shandong
8,109,2,Shandong
8,110,1,Shandong
8,111,2,Shandong
8,112,NA,Shandong
8,113,NA,Shandong
8,114,NA,Shandong
8,115,NA,Shandong
8,116,NA,Shandong
8,117,NA,Shandong
8,118,NA,Shandong
8,119,NA,Shandong
8,120,NA,Shandong
8,121,NA,Shandong
8,122,NA,Shandong
8,123,NA,Shandong
9,0,NA,Jiangsu
9,1,NA,Jiangsu
9,2,NA,Jiangsu
9,3,NA,Jiangsu
9,4,NA,Jiangsu
9,5,NA,Jiangsu
9,6,NA,Jiangsu
9,7,NA,Jiangsu
9,8,NA,Jiangsu
9,9,NA,Jiangsu
9,10,NA,Jiangsu
9,11,NA,Jiangsu
9,12,NA,Jiangsu
9,13,NA,Jiangsu
9,14,NA,Jiangsu
9,15,NA,Jiangsu
9,16,NA,Jiangsu
9,17,NA,Jiangsu
9,18,NA,Jiangsu
9,19,NA,Jiangsu
9,20,NA,Jiangsu
9,21,NA,Jiangsu
9,22,NA,Jiangsu
9,23,NA,Jiangsu
9,24,NA,Jiangsu
9,25,NA,Jiangsu
9,26,NA,Jiangsu
9,27,NA,Jiangsu
9,28,NA,Jiangsu
9,29,NA,Jiangsu
9,30,NA,Jiangsu
9,31,NA,Jiangsu
9,32,NA,Jiangsu
9,33,NA,Jiangsu
9,34,NA,Jiangsu
9,35,NA,Jiangsu
9,36,NA,Jiangsu
9,37,NA,Jiangsu
9,38,NA,Jiangsu
9,39,NA,Jiangsu
9,40,NA,Jiangsu
9,41,NA,Jiangsu
9,42,NA,Jiangsu
9,43,NA,Jiangsu
9,44,NA,Jiangsu
9,45,NA,Jiangsu
9,46,NA,Jiangsu
9,47,NA,Jiangsu
9,48,NA,Jiangsu
9,49,NA,Jiangsu
9,50,NA,Jiangsu
9,51,NA,Jiangsu
9,52,NA,Jiangsu
9,53,NA,Jiangsu
9,54,NA,Jiangsu
9,55,NA,Jiangsu
9,56,NA,Jiangsu
9,57,NA,Jiangsu
9,58,NA,Jiangsu
9,59,NA,Jiangsu
9,60,NA,Jiangsu
9,61,NA,Jiangsu
9,62,NA,Jiangsu
9,63,NA,Jiangsu
9,64,NA,Jiangsu
9,65,NA,Jiangsu
9,66,NA,Jiangsu
9,67,NA,Jiangsu
9,68,NA,Jiangsu
9,69,NA,Jiangsu
9,70,NA,Jiangsu
9,71,NA,Jiangsu
9,72,NA,Jiangsu
9,73,NA,Jiangsu
9,74,NA,Jiangsu
9,75,NA,Jiangsu
9,76,NA,Jiangsu
9,77,NA,Jiangsu
9,78,NA,Jiangsu
9,79,NA,Jiangsu
9,80,NA,Jiangsu
9,81,NA,Jiangsu
9,82,NA,Jiangsu
9,83,4,Jiangsu
9,84,4,Jiangsu
9,85,9,Jiangsu
9,86,15,Jiangsu
9,87,14,Jiangsu
9,88,23,Jiangsu
9,89,29,Jiangsu
9,90,30,Jiangsu
9,91,39,Jiangsu
9,92,34,Jiangsu
9,93,34,Jiangsu
9,94,35,Jiangsu
9,95,37,Jiangsu
9,96,33,Jiangsu
9,97,32,Jiangsu
9,98,35,Jiangsu
9,99,31,Jiangsu
9,100,29,Jiangsu
9,101,24,Jiangsu
9,102,23,Jiangsu
9,103,28,Jiangsu
9,104,27,Jiangsu
9,105,23,Jiangsu
9,106,11,Jiangsu
9,107,13,Jiangsu
9,108,9,Jiangsu
9,109,3,Jiangsu
9,110,2,Jiangsu
9,111,0,Jiangsu
9,112,0,Jiangsu
9,113,0,Jiangsu
9,114,0,Jiangsu
9,115,0,Jiangsu
9,116,0,Jiangsu
9,117,0,Jiangsu
9,118,0,Jiangsu
9,119,0,Jiangsu
9,120,0,Jiangsu
9,121,0,Jiangsu
9,122,0,Jiangsu
9,123,0,Jiangsu
10,0,NA,Chongqing
10,1,NA,Chongqing
10,2,NA,Chongqing
10,3,NA,Chongqing
10,4,NA,Chongqing
10,5,NA,Chongqing
10,6,NA,Chongqing
10,7,NA,Chongqing
10,8,NA,Chongqing
10,9,NA,Chongqing
10,10,NA,Chongqing
10,11,NA,Chongqing
10,12,NA,Chongqing
10,13,NA,Chongqing
10,14,NA,Chongqing
10,15,NA,Chongqing
10,16,NA,Chongqing
10,17,NA,Chongqing
10,18,NA,Chongqing
10,19,NA,Chongqing
10,20,NA,Chongqing
10,21,NA,Chongqing
10,22,NA,Chongqing
10,23,NA,Chongqing
10,24,NA,Chongqing
10,25,NA,Chongqing
10,26,NA,Chongqing
10,27,NA,Chongqing
10,28,NA,Chongqing
10,29,NA,Chongqing
10,30,NA,Chongqing
10,31,NA,Chongqing
10,32,NA,Chongqing
10,33,NA,Chongqing
10,34,NA,Chongqing
10,35,NA,Chongqing
10,36,NA,Chongqing
10,37,NA,Chongqing
10,38,NA,Chongqing
10,39,NA,Chongqing
10,40,NA,Chongqing
10,41,NA,Chongqing
10,42,NA,Chongqing
10,43,NA,Chongqing
10,44,NA,Chongqing
10,45,NA,Chongqing
10,46,NA,Chongqing
10,47,NA,Chongqing
10,48,NA,Chongqing
10,49,NA,Chongqing
10,50,NA,Chongqing
10,51,NA,Chongqing
10,52,NA,Chongqing
10,53,NA,Chongqing
10,54,NA,Chongqing
10,55,NA,Chongqing
10,56,NA,Chongqing
10,57,NA,Chongqing
10,58,NA,Chongqing
10,59,NA,Chongqing
10,60,NA,Chongqing
10,61,NA,Chongqing
10,62,NA,Chongqing
10,63,NA,Chongqing
10,64,NA,Chongqing
10,65,NA,Chongqing
10,66,NA,Chongqing
10,67,NA,Chongqing
10,68,NA,Chongqing
10,69,NA,Chongqing
10,70,NA,Chongqing
10,71,NA,Chongqing
10,72,NA,Chongqing
10,73,NA,Chongqing
10,74,NA,Chongqing
10,75,NA,Chongqing
10,76,NA,Chongqing
10,77,NA,Chongqing
10,78,NA,Chongqing
10,79,NA,Chongqing
10,80,NA,Chongqing
10,81,NA,Chongqing
10,82,NA,Chongqing
10,83,3,Chongqing
10,84,18,Chongqing
10,85,30,Chongqing
10,86,18,Chongqing
10,87,35,Chongqing
10,88,22,Chongqing
10,89,15,Chongqing
10,90,35,Chongqing
10,91,29,Chongqing
10,92,36,Chongqing
10,93,53,Chongqing
10,94,37,Chongqing
10,95,29,Chongqing
10,96,23,Chongqing
10,97,22,Chongqing
10,98,15,Chongqing
10,99,2,Chongqing
10,100,40,Chongqing
10,101,18,Chongqing
10,102,19,Chongqing
10,103,13,Chongqing
10,104,11,Chongqing
10,105,8,Chongqing
10,106,7,Chongqing
10,107,7,Chongqing
10,108,2,Chongqing
10,109,2,Chongqing
10,110,5,Chongqing
10,111,7,Chongqing
10,112,5,Chongqing
10,113,1,Chongqing
10,114,2,Chongqing
10,115,1,Chongqing
10,116,0,Chongqing
10,117,0,Chongqing
10,118,0,Chongqing
10,119,0,Chongqing
10,120,0,Chongqing
10,121,0,Chongqing
10,122,0,Chongqing
10,123,0,Chongqing
11,0,NA,Sichuan
11,1,NA,Sichuan
11,2,NA,Sichuan
11,3,NA,Sichuan
11,4,NA,Sichuan
11,5,NA,Sichuan
11,6,NA,Sichuan
11,7,NA,Sichuan
11,8,NA,Sichuan
11,9,NA,Sichuan
11,10,NA,Sichuan
11,11,NA,Sichuan
11,12,NA,Sichuan
11,13,NA,Sichuan
11,14,NA,Sichuan
11,15,NA,Sichuan
11,16,NA,Sichuan
11,17,NA,Sichuan
11,18,NA,Sichuan
11,19,NA,Sichuan
11,20,NA,Sichuan
11,21,NA,Sichuan
11,22,NA,Sichuan
11,23,NA,Sichuan
11,24,NA,Sichuan
11,25,NA,Sichuan
11,26,NA,Sichuan
11,27,NA,Sichuan
11,28,NA,Sichuan
11,29,NA,Sichuan
11,30,NA,Sichuan
11,31,NA,Sichuan
11,32,NA,Sichuan
11,33,NA,Sichuan
11,34,NA,Sichuan
11,35,NA,Sichuan
11,36,NA,Sichuan
11,37,NA,Sichuan
11,38,NA,Sichuan
11,39,NA,Sichuan
11,40,NA,Sichuan
11,41,NA,Sichuan
11,42,NA,Sichuan
11,43,NA,Sichuan
11,44,NA,Sichuan
11,45,NA,Sichuan
11,46,NA,Sichuan
11,47,NA,Sichuan
11,48,NA,Sichuan
11,49,NA,Sichuan
11,50,NA,Sichuan
11,51,NA,Sichuan
11,52,NA,Sichuan
11,53,NA,Sichuan
11,54,NA,Sichuan
11,55,NA,Sichuan
11,56,NA,Sichuan
11,57,NA,Sichuan
11,58,NA,Sichuan
11,59,NA,Sichuan
11,60,NA,Sichuan
11,61,NA,Sichuan
11,62,NA,Sichuan
11,63,NA,Sichuan
11,64,NA,Sichuan
11,65,NA,Sichuan
11,66,NA,Sichuan
11,67,NA,Sichuan
11,68,NA,Sichuan
11,69,NA,Sichuan
11,70,NA,Sichuan
11,71,NA,Sichuan
11,72,NA,Sichuan
11,73,NA,Sichuan
11,74,NA,Sichuan
11,75,NA,Sichuan
11,76,NA,Sichuan
11,77,NA,Sichuan
11,78,NA,Sichuan
11,79,NA,Sichuan
11,80,NA,Sichuan
11,81,NA,Sichuan
11,82,NA,Sichuan
11,83,3,Sichuan
11,84,7,Sichuan
11,85,13,Sichuan
11,86,16,Sichuan
11,87,25,Sichuan
11,88,21,Sichuan
11,89,18,Sichuan
11,90,34,Sichuan
11,91,35,Sichuan
11,92,30,Sichuan
11,93,24,Sichuan
11,94,23,Sichuan
11,95,28,Sichuan
11,96,19,Sichuan
11,97,20,Sichuan
11,98,23,Sichuan
11,99,20,Sichuan
11,100,22,Sichuan
11,101,19,Sichuan
11,102,12,Sichuan
11,103,19,Sichuan
11,104,15,Sichuan
11,105,12,Sichuan
11,106,7,Sichuan
11,107,11,Sichuan
11,108,14,Sichuan
11,109,13,Sichuan
11,110,6,Sichuan
11,111,6,Sichuan
11,112,5,Sichuan
11,113,1,Sichuan
11,114,0,Sichuan
11,115,1,Sichuan
11,116,2,Sichuan
11,117,2,Sichuan
11,118,3,Sichuan
11,119,4,Sichuan
11,120,0,Sichuan
11,121,0,Sichuan
11,122,0,Sichuan
11,123,0,Sichuan
12,0,NA,Heilongjiang
12,1,NA,Heilongjiang
12,2,NA,Heilongjiang
12,3,NA,Heilongjiang
12,4,NA,Heilongjiang
12,5,NA,Heilongjiang
12,6,NA,Heilongjiang
12,7,NA,Heilongjiang
12,8,NA,Heilongjiang
12,9,NA,Heilongjiang
12,10,NA,Heilongjiang
12,11,NA,Heilongjiang
12,12,NA,Heilongjiang
12,13,NA,Heilongjiang
12,14,NA,Heilongjiang
12,15,NA,Heilongjiang
12,16,NA,Heilongjiang
12,17,NA,Heilongjiang
12,18,NA,Heilongjiang
12,19,NA,Heilongjiang
12,20,NA,Heilongjiang
12,21,NA,Heilongjiang
12,22,NA,Heilongjiang
12,23,NA,Heilongjiang
12,24,NA,Heilongjiang
12,25,NA,Heilongjiang
12,26,NA,Heilongjiang
12,27,NA,Heilongjiang
12,28,NA,Heilongjiang
12,29,NA,Heilongjiang
12,30,NA,Heilongjiang
12,31,NA,Heilongjiang
12,32,NA,Heilongjiang
12,33,NA,Heilongjiang
12,34,NA,Heilongjiang
12,35,NA,Heilongjiang
12,36,NA,Heilongjiang
12,37,NA,Heilongjiang
12,38,NA,Heilongjiang
12,39,NA,Heilongjiang
12,40,NA,Heilongjiang
12,41,NA,Heilongjiang
12,42,NA,Heilongjiang
12,43,NA,Heilongjiang
12,44,NA,Heilongjiang
12,45,NA,Heilongjiang
12,46,NA,Heilongjiang
12,47,NA,Heilongjiang
12,48,NA,Heilongjiang
12,49,NA,Heilongjiang
12,50,NA,Heilongjiang
12,51,NA,Heilongjiang
12,52,NA,Heilongjiang
12,53,NA,Heilongjiang
12,54,NA,Heilongjiang
12,55,NA,Heilongjiang
12,56,NA,Heilongjiang
12,57,NA,Heilongjiang
12,58,NA,Heilongjiang
12,59,NA,Heilongjiang
12,60,NA,Heilongjiang
12,61,NA,Heilongjiang
12,62,NA,Heilongjiang
12,63,NA,Heilongjiang
12,64,NA,Heilongjiang
12,65,NA,Heilongjiang
12,66,NA,Heilongjiang
12,67,NA,Heilongjiang
12,68,NA,Heilongjiang
12,69,NA,Heilongjiang
12,70,NA,Heilongjiang
12,71,NA,Heilongjiang
12,72,NA,Heilongjiang
12,73,NA,Heilongjiang
12,74,NA,Heilongjiang
12,75,NA,Heilongjiang
12,76,NA,Heilongjiang
12,77,NA,Heilongjiang
12,78,NA,Heilongjiang
12,79,NA,Heilongjiang
12,80,NA,Heilongjiang
12,81,NA,Heilongjiang
12,82,NA,Heilongjiang
12,83,2,Heilongjiang
12,84,2,Heilongjiang
12,85,5,Heilongjiang
12,86,6,Heilongjiang
12,87,6,Heilongjiang
12,88,12,Heilongjiang
12,89,5,Heilongjiang
12,90,6,Heilongjiang
12,91,15,Heilongjiang
12,92,21,Heilongjiang
12,93,15,Heilongjiang
12,94,26,Heilongjiang
12,95,34,Heilongjiang
12,96,35,Heilongjiang
12,97,37,Heilongjiang
12,98,50,Heilongjiang
12,99,18,Heilongjiang
12,100,12,Heilongjiang
12,101,24,Heilongjiang
12,102,29,Heilongjiang
12,103,18,Heilongjiang
12,104,17,Heilongjiang
12,105,24,Heilongjiang
12,106,6,Heilongjiang
12,107,20,Heilongjiang
12,108,12,Heilongjiang
12,109,7,Heilongjiang
12,110,6,Heilongjiang
12,111,6,Heilongjiang
12,112,3,Heilongjiang
12,113,0,Heilongjiang
12,114,1,Heilongjiang
12,115,0,Heilongjiang
12,116,0,Heilongjiang
12,117,0,Heilongjiang
12,118,0,Heilongjiang
12,119,0,Heilongjiang
12,120,0,Heilongjiang
12,121,0,Heilongjiang
12,122,0,Heilongjiang
12,123,0,Heilongjiang
13,0,NA,Beijing
13,1,NA,Beijing
13,2,NA,Beijing
13,3,NA,Beijing
13,4,NA,Beijing
13,5,NA,Beijing
13,6,NA,Beijing
13,7,NA,Beijing
13,8,NA,Beijing
13,9,NA,Beijing
13,10,NA,Beijing
13,11,NA,Beijing
13,12,NA,Beijing
13,13,NA,Beijing
13,14,NA,Beijing
13,15,NA,Beijing
13,16,NA,Beijing
13,17,NA,Beijing
13,18,NA,Beijing
13,19,NA,Beijing
13,20,NA,Beijing
13,21,NA,Beijing
13,22,NA,Beijing
13,23,NA,Beijing
13,24,NA,Beijing
13,25,NA,Beijing
13,26,NA,Beijing
13,27,NA,Beijing
13,28,NA,Beijing
13,29,NA,Beijing
13,30,NA,Beijing
13,31,NA,Beijing
13,32,NA,Beijing
13,33,NA,Beijing
13,34,NA,Beijing
13,35,NA,Beijing
13,36,NA,Beijing
13,37,NA,Beijing
13,38,NA,Beijing
13,39,NA,Beijing
13,40,NA,Beijing
13,41,NA,Beijing
13,42,NA,Beijing
13,43,NA,Beijing
13,44,NA,Beijing
13,45,NA,Beijing
13,46,NA,Beijing
13,47,NA,Beijing
13,48,NA,Beijing
13,49,NA,Beijing
13,50,NA,Beijing
13,51,NA,Beijing
13,52,NA,Beijing
13,53,NA,Beijing
13,54,NA,Beijing
13,55,NA,Beijing
13,56,NA,Beijing
13,57,NA,Beijing
13,58,NA,Beijing
13,59,NA,Beijing
13,60,NA,Beijing
13,61,NA,Beijing
13,62,NA,Beijing
13,63,NA,Beijing
13,64,NA,Beijing
13,65,NA,Beijing
13,66,NA,Beijing
13,67,NA,Beijing
13,68,NA,Beijing
13,69,NA,Beijing
13,70,NA,Beijing
13,71,NA,Beijing
13,72,NA,Beijing
13,73,NA,Beijing
13,74,NA,Beijing
13,75,NA,Beijing
13,76,NA,Beijing
13,77,NA,Beijing
13,78,NA,Beijing
13,79,NA,Beijing
13,80,NA,Beijing
13,81,NA,Beijing
13,82,NA,Beijing
13,83,8,Beijing
13,84,14,Beijing
13,85,5,Beijing
13,86,27,Beijing
13,87,12,Beijing
13,88,11,Beijing
13,89,20,Beijing
13,90,3,Beijing
13,91,25,Beijing
13,92,29,Beijing
13,93,23,Beijing
13,94,21,Beijing
13,95,16,Beijing
13,96,25,Beijing
13,97,21,Beijing
13,98,23,Beijing
13,99,18,Beijing
13,100,11,Beijing
13,101,11,Beijing
13,102,5,Beijing
13,103,10,Beijing
13,104,14,Beijing
13,105,6,Beijing
13,106,3,Beijing
13,107,5,Beijing
13,108,1,Beijing
13,109,6,Beijing
13,110,6,Beijing
13,111,2,Beijing
13,112,1,Beijing
13,113,3,Beijing
13,114,0,Beijing
13,115,0,Beijing
13,116,1,Beijing
13,117,0,Beijing
13,118,10,Beijing
13,119,0,Beijing
13,120,1,Beijing
13,121,2,Beijing
13,122,1,Beijing
13,123,0,Beijing
14,0,NA,Shanghai
14,1,NA,Shanghai
14,2,NA,Shanghai
14,3,NA,Shanghai
14,4,NA,Shanghai
14,5,NA,Shanghai
14,6,NA,Shanghai
14,7,NA,Shanghai
14,8,NA,Shanghai
14,9,NA,Shanghai
14,10,NA,Shanghai
14,11,NA,Shanghai
14,12,NA,Shanghai
14,13,NA,Shanghai
14,14,NA,Shanghai
14,15,NA,Shanghai
14,16,NA,Shanghai
14,17,NA,Shanghai
14,18,NA,Shanghai
14,19,NA,Shanghai
14,20,NA,Shanghai
14,21,NA,Shanghai
14,22,NA,Shanghai
14,23,NA,Shanghai
14,24,NA,Shanghai
14,25,NA,Shanghai
14,26,NA,Shanghai
14,27,NA,Shanghai
14,28,NA,Shanghai
14,29,NA,Shanghai
14,30,NA,Shanghai
14,31,NA,Shanghai
14,32,NA,Shanghai
14,33,NA,Shanghai
14,34,NA,Shanghai
14,35,NA,Shanghai
14,36,NA,Shanghai
14,37,NA,Shanghai
14,38,NA,Shanghai
14,39,NA,Shanghai
14,40,NA,Shanghai
14,41,NA,Shanghai
14,42,NA,Shanghai
14,43,NA,Shanghai
14,44,NA,Shanghai
14,45,NA,Shanghai
14,46,NA,Shanghai
14,47,NA,Shanghai
14,48,NA,Shanghai
14,49,NA,Shanghai
14,50,NA,Shanghai
14,51,NA,Shanghai
14,52,NA,Shanghai
14,53,NA,Shanghai
14,54,NA,Shanghai
14,55,NA,Shanghai
14,56,NA,Shanghai
14,57,NA,Shanghai
14,58,NA,Shanghai
14,59,NA,Shanghai
14,60,NA,Shanghai
14,61,NA,Shanghai
14,62,NA,Shanghai
14,63,NA,Shanghai
14,64,NA,Shanghai
14,65,NA,Shanghai
14,66,NA,Shanghai
14,67,NA,Shanghai
14,68,NA,Shanghai
14,69,NA,Shanghai
14,70,NA,Shanghai
14,71,NA,Shanghai
14,72,NA,Shanghai
14,73,NA,Shanghai
14,74,NA,Shanghai
14,75,NA,Shanghai
14,76,NA,Shanghai
14,77,NA,Shanghai
14,78,NA,Shanghai
14,79,NA,Shanghai
14,80,NA,Shanghai
14,81,NA,Shanghai
14,82,NA,Shanghai
14,83,7,Shanghai
14,84,4,Shanghai
14,85,13,Shanghai
14,86,7,Shanghai
14,87,13,Shanghai
14,88,13,Shanghai
14,89,30,Shanghai
14,90,16,Shanghai
14,91,23,Shanghai
14,92,34,Shanghai
14,93,13,Shanghai
14,94,21,Shanghai
14,95,16,Shanghai
14,96,24,Shanghai
14,97,14,Shanghai
14,98,20,Shanghai
14,99,9,Shanghai
14,100,7,Shanghai
14,101,6,Shanghai
14,102,4,Shanghai
14,103,8,Shanghai
14,104,4,Shanghai
14,105,3,Shanghai
14,106,8,Shanghai
14,107,2,Shanghai
14,108,5,Shanghai
14,109,0,Shanghai
14,110,0,Shanghai
14,111,1,Shanghai
14,112,0,Shanghai
14,113,1,Shanghai
14,114,0,Shanghai
14,115,0,Shanghai
14,116,1,Shanghai
14,117,1,Shanghai
14,118,0,Shanghai
14,119,0,Shanghai
14,120,0,Shanghai
14,121,0,Shanghai
14,122,0,Shanghai
14,123,1,Shanghai
15,0,NA,Hebei
15,1,NA,Hebei
15,2,NA,Hebei
15,3,NA,Hebei
15,4,NA,Hebei
15,5,NA,Hebei
15,6,NA,Hebei
15,7,NA,Hebei
15,8,NA,Hebei
15,9,NA,Hebei
15,10,NA,Hebei
15,11,NA,Hebei
15,12,NA,Hebei
15,13,NA,Hebei
15,14,NA,Hebei
15,15,NA,Hebei
15,16,NA,Hebei
15,17,NA,Hebei
15,18,NA,Hebei
15,19,NA,Hebei
15,20,NA,Hebei
15,21,NA,Hebei
15,22,NA,Hebei
15,23,NA,Hebei
15,24,NA,Hebei
15,25,NA,Hebei
15,26,NA,Hebei
15,27,NA,Hebei
15,28,NA,Hebei
15,29,NA,Hebei
15,30,NA,Hebei
15,31,NA,Hebei
15,32,NA,Hebei
15,33,NA,Hebei
15,34,NA,Hebei
15,35,NA,Hebei
15,36,NA,Hebei
15,37,NA,Hebei
15,38,NA,Hebei
15,39,NA,Hebei
15,40,NA,Hebei
15,41,NA,Hebei
15,42,NA,Hebei
15,43,NA,Hebei
15,44,NA,Hebei
15,45,NA,Hebei
15,46,NA,Hebei
15,47,NA,Hebei
15,48,NA,Hebei
15,49,NA,Hebei
15,50,NA,Hebei
15,51,NA,Hebei
15,52,NA,Hebei
15,53,NA,Hebei
15,54,NA,Hebei
15,55,NA,Hebei
15,56,NA,Hebei
15,57,NA,Hebei
15,58,NA,Hebei
15,59,NA,Hebei
15,60,NA,Hebei
15,61,NA,Hebei
15,62,NA,Hebei
15,63,NA,Hebei
15,64,NA,Hebei
15,65,NA,Hebei
15,66,NA,Hebei
15,67,NA,Hebei
15,68,NA,Hebei
15,69,NA,Hebei
15,70,NA,Hebei
15,71,NA,Hebei
15,72,NA,Hebei
15,73,NA,Hebei
15,74,NA,Hebei
15,75,NA,Hebei
15,76,NA,Hebei
15,77,NA,Hebei
15,78,NA,Hebei
15,79,NA,Hebei
15,80,NA,Hebei
15,81,NA,Hebei
15,82,NA,Hebei
15,83,0,Hebei
15,84,1,Hebei
15,85,6,Hebei
15,86,5,Hebei
15,87,5,Hebei
15,88,15,Hebei
15,89,15,Hebei
15,90,17,Hebei
15,91,17,Hebei
15,92,14,Hebei
15,93,8,Hebei
15,94,9,Hebei
15,95,13,Hebei
15,96,9,Hebei
15,97,22,Hebei
15,98,15,Hebei
15,99,23,Hebei
15,100,11,Hebei
15,101,12,Hebei
15,102,21,Hebei
15,103,12,Hebei
15,104,14,Hebei
15,105,18,Hebei
15,106,8,Hebei
15,107,9,Hebei
15,108,1,Hebei
15,109,5,Hebei
15,110,0,Hebei
15,111,1,Hebei
15,112,1,Hebei
15,113,1,Hebei
15,114,2,Hebei
15,115,0,Hebei
15,116,0,Hebei
15,117,1,Hebei
15,118,5,Hebei
15,119,1,Hebei
15,120,0,Hebei
15,121,0,Hebei
15,122,0,Hebei
15,123,0,Hebei
16,0,NA,Fujian
16,1,NA,Fujian
16,2,NA,Fujian
16,3,NA,Fujian
16,4,NA,Fujian
16,5,NA,Fujian
16,6,NA,Fujian
16,7,NA,Fujian
16,8,NA,Fujian
16,9,NA,Fujian
16,10,NA,Fujian
16,11,NA,Fujian
16,12,NA,Fujian
16,13,NA,Fujian
16,14,NA,Fujian
16,15,NA,Fujian
16,16,NA,Fujian
16,17,NA,Fujian
16,18,NA,Fujian
16,19,NA,Fujian
16,20,NA,Fujian
16,21,NA,Fujian
16,22,NA,Fujian
16,23,NA,Fujian
16,24,NA,Fujian
16,25,NA,Fujian
16,26,NA,Fujian
16,27,NA,Fujian
16,28,NA,Fujian
16,29,NA,Fujian
16,30,NA,Fujian
16,31,NA,Fujian
16,32,NA,Fujian
16,33,NA,Fujian
16,34,NA,Fujian
16,35,NA,Fujian
16,36,NA,Fujian
16,37,NA,Fujian
16,38,NA,Fujian
16,39,NA,Fujian
16,40,NA,Fujian
16,41,NA,Fujian
16,42,NA,Fujian
16,43,NA,Fujian
16,44,NA,Fujian
16,45,NA,Fujian
16,46,NA,Fujian
16,47,NA,Fujian
16,48,NA,Fujian
16,49,NA,Fujian
16,50,NA,Fujian
16,51,NA,Fujian
16,52,NA,Fujian
16,53,NA,Fujian
16,54,NA,Fujian
16,55,NA,Fujian
16,56,NA,Fujian
16,57,NA,Fujian
16,58,NA,Fujian
16,59,NA,Fujian
16,60,NA,Fujian
16,61,NA,Fujian
16,62,NA,Fujian
16,63,NA,Fujian
16,64,NA,Fujian
16,65,NA,Fujian
16,66,NA,Fujian
16,67,NA,Fujian
16,68,NA,Fujian
16,69,NA,Fujian
16,70,NA,Fujian
16,71,NA,Fujian
16,72,NA,Fujian
16,73,NA,Fujian
16,74,NA,Fujian
16,75,NA,Fujian
16,76,NA,Fujian
16,77,NA,Fujian
16,78,NA,Fujian
16,79,NA,Fujian
16,80,NA,Fujian
16,81,NA,Fujian
16,82,NA,Fujian
16,83,4,Fujian
16,84,5,Fujian
16,85,8,Fujian
16,86,17,Fujian
16,87,24,Fujian
16,88,21,Fujian
16,89,4,Fujian
16,90,17,Fujian
16,91,19,Fujian
16,92,24,Fujian
16,93,15,Fujian
16,94,20,Fujian
16,95,15,Fujian
16,96,11,Fujian
16,97,10,Fujian
16,98,9,Fujian
16,99,15,Fujian
16,100,11,Fujian
16,101,11,Fujian
16,102,6,Fujian
16,103,5,Fujian
16,104,7,Fujian
16,105,2,Fujian
16,106,4,Fujian
16,107,2,Fujian
16,108,3,Fujian
16,109,2,Fujian
16,110,1,Fujian
16,111,0,Fujian
16,112,0,Fujian
16,113,0,Fujian
16,114,0,Fujian
16,115,0,Fujian
16,116,1,Fujian
16,117,0,Fujian
16,118,2,Fujian
16,119,0,Fujian
16,120,0,Fujian
16,121,0,Fujian
16,122,0,Fujian
16,123,0,Fujian
17,0,NA,Guangxi
17,1,NA,Guangxi
17,2,NA,Guangxi
17,3,NA,Guangxi
17,4,NA,Guangxi
17,5,NA,Guangxi
17,6,NA,Guangxi
17,7,NA,Guangxi
17,8,NA,Guangxi
17,9,NA,Guangxi
17,10,NA,Guangxi
17,11,NA,Guangxi
17,12,NA,Guangxi
17,13,NA,Guangxi
17,14,NA,Guangxi
17,15,NA,Guangxi
17,16,NA,Guangxi
17,17,NA,Guangxi
17,18,NA,Guangxi
17,19,NA,Guangxi
17,20,NA,Guangxi
17,21,NA,Guangxi
17,22,NA,Guangxi
17,23,NA,Guangxi
17,24,NA,Guangxi
17,25,NA,Guangxi
17,26,NA,Guangxi
17,27,NA,Guangxi
17,28,NA,Guangxi
17,29,NA,Guangxi
17,30,NA,Guangxi
17,31,NA,Guangxi
17,32,NA,Guangxi
17,33,NA,Guangxi
17,34,NA,Guangxi
17,35,NA,Guangxi
17,36,NA,Guangxi
17,37,NA,Guangxi
17,38,NA,Guangxi
17,39,NA,Guangxi
17,40,NA,Guangxi
17,41,NA,Guangxi
17,42,NA,Guangxi
17,43,NA,Guangxi
17,44,NA,Guangxi
17,45,NA,Guangxi
17,46,NA,Guangxi
17,47,NA,Guangxi
17,48,NA,Guangxi
17,49,NA,Guangxi
17,50,NA,Guangxi
17,51,NA,Guangxi
17,52,NA,Guangxi
17,53,NA,Guangxi
17,54,NA,Guangxi
17,55,NA,Guangxi
17,56,NA,Guangxi
17,57,NA,Guangxi
17,58,NA,Guangxi
17,59,NA,Guangxi
17,60,NA,Guangxi
17,61,NA,Guangxi
17,62,NA,Guangxi
17,63,NA,Guangxi
17,64,NA,Guangxi
17,65,NA,Guangxi
17,66,NA,Guangxi
17,67,NA,Guangxi
17,68,NA,Guangxi
17,69,NA,Guangxi
17,70,NA,Guangxi
17,71,NA,Guangxi
17,72,NA,Guangxi
17,73,NA,Guangxi
17,74,NA,Guangxi
17,75,NA,Guangxi
17,76,NA,Guangxi
17,77,NA,Guangxi
17,78,NA,Guangxi
17,79,NA,Guangxi
17,80,NA,Guangxi
17,81,NA,Guangxi
17,82,NA,Guangxi
17,83,3,Guangxi
17,84,18,Guangxi
17,85,0,Guangxi
17,86,13,Guangxi
17,87,10,Guangxi
17,88,5,Guangxi
17,89,7,Guangxi
17,90,20,Guangxi
17,91,9,Guangxi
17,92,13,Guangxi
17,93,11,Guangxi
17,94,16,Guangxi
17,95,12,Guangxi
17,96,11,Guangxi
17,97,18,Guangxi
17,98,4,Guangxi
17,99,11,Guangxi
17,100,12,Guangxi
17,101,15,Guangxi
17,102,5,Guangxi
17,103,7,Guangxi
17,104,0,Guangxi
17,105,4,Guangxi
17,106,9,Guangxi
17,107,2,Guangxi
17,108,1,Guangxi
17,109,4,Guangxi
17,110,2,Guangxi
17,111,1,Guangxi
17,112,1,Guangxi
17,113,3,Guangxi
17,114,0,Guangxi
17,115,2,Guangxi
17,116,1,Guangxi
17,117,0,Guangxi
17,118,0,Guangxi
17,119,0,Guangxi
17,120,0,Guangxi
17,121,0,Guangxi
17,122,0,Guangxi
17,123,0,Guangxi
18,0,NA,Shaanxi
18,1,NA,Shaanxi
18,2,NA,Shaanxi
18,3,NA,Shaanxi
18,4,NA,Shaanxi
18,5,NA,Shaanxi
18,6,NA,Shaanxi
18,7,NA,Shaanxi
18,8,NA,Shaanxi
18,9,NA,Shaanxi
18,10,NA,Shaanxi
18,11,NA,Shaanxi
18,12,NA,Shaanxi
18,13,NA,Shaanxi
18,14,NA,Shaanxi
18,15,NA,Shaanxi
18,16,NA,Shaanxi
18,17,NA,Shaanxi
18,18,NA,Shaanxi
18,19,NA,Shaanxi
18,20,NA,Shaanxi
18,21,NA,Shaanxi
18,22,NA,Shaanxi
18,23,NA,Shaanxi
18,24,NA,Shaanxi
18,25,NA,Shaanxi
18,26,NA,Shaanxi
18,27,NA,Shaanxi
18,28,NA,Shaanxi
18,29,NA,Shaanxi
18,30,NA,Shaanxi
18,31,NA,Shaanxi
18,32,NA,Shaanxi
18,33,NA,Shaanxi
18,34,NA,Shaanxi
18,35,NA,Shaanxi
18,36,NA,Shaanxi
18,37,NA,Shaanxi
18,38,NA,Shaanxi
18,39,NA,Shaanxi
18,40,NA,Shaanxi
18,41,NA,Shaanxi
18,42,NA,Shaanxi
18,43,NA,Shaanxi
18,44,NA,Shaanxi
18,45,NA,Shaanxi
18,46,NA,Shaanxi
18,47,NA,Shaanxi
18,48,NA,Shaanxi
18,49,NA,Shaanxi
18,50,NA,Shaanxi
18,51,NA,Shaanxi
18,52,NA,Shaanxi
18,53,NA,Shaanxi
18,54,NA,Shaanxi
18,55,NA,Shaanxi
18,56,NA,Shaanxi
18,57,NA,Shaanxi
18,58,NA,Shaanxi
18,59,NA,Shaanxi
18,60,NA,Shaanxi
18,61,NA,Shaanxi
18,62,NA,Shaanxi
18,63,NA,Shaanxi
18,64,NA,Shaanxi
18,65,NA,Shaanxi
18,66,NA,Shaanxi
18,67,NA,Shaanxi
18,68,NA,Shaanxi
18,69,NA,Shaanxi
18,70,NA,Shaanxi
18,71,NA,Shaanxi
18,72,NA,Shaanxi
18,73,NA,Shaanxi
18,74,NA,Shaanxi
18,75,NA,Shaanxi
18,76,NA,Shaanxi
18,77,NA,Shaanxi
18,78,NA,Shaanxi
18,79,NA,Shaanxi
18,80,NA,Shaanxi
18,81,NA,Shaanxi
18,82,NA,Shaanxi
18,83,3,Shaanxi
18,84,2,Shaanxi
18,85,10,Shaanxi
18,86,7,Shaanxi
18,87,13,Shaanxi
18,88,11,Shaanxi
18,89,10,Shaanxi
18,90,7,Shaanxi
18,91,24,Shaanxi
18,92,14,Shaanxi
18,93,15,Shaanxi
18,94,12,Shaanxi
18,95,14,Shaanxi
18,96,23,Shaanxi
18,97,8,Shaanxi
18,98,11,Shaanxi
18,99,11,Shaanxi
18,100,13,Shaanxi
18,101,5,Shaanxi
18,102,6,Shaanxi
18,103,6,Shaanxi
18,104,4,Shaanxi
18,105,1,Shaanxi
18,106,2,Shaanxi
18,107,4,Shaanxi
18,108,4,Shaanxi
18,109,0,Shaanxi
18,110,2,Shaanxi
18,111,3,Shaanxi
18,112,0,Shaanxi
18,113,0,Shaanxi
18,114,0,Shaanxi
18,115,0,Shaanxi
18,116,0,Shaanxi
18,117,0,Shaanxi
18,118,0,Shaanxi
18,119,0,Shaanxi
18,120,0,Shaanxi
18,121,0,Shaanxi
18,122,0,Shaanxi
18,123,0,Shaanxi
19,0,NA,Yunnan
19,1,NA,Yunnan
19,2,NA,Yunnan
19,3,NA,Yunnan
19,4,NA,Yunnan
19,5,NA,Yunnan
19,6,NA,Yunnan
19,7,NA,Yunnan
19,8,NA,Yunnan
19,9,NA,Yunnan
19,10,NA,Yunnan
19,11,NA,Yunnan
19,12,NA,Yunnan
19,13,NA,Yunnan
19,14,NA,Yunnan
19,15,NA,Yunnan
19,16,NA,Yunnan
19,17,NA,Yunnan
19,18,NA,Yunnan
19,19,NA,Yunnan
19,20,NA,Yunnan
19,21,NA,Yunnan
19,22,NA,Yunnan
19,23,NA,Yunnan
19,24,NA,Yunnan
19,25,NA,Yunnan
19,26,NA,Yunnan
19,27,NA,Yunnan
19,28,NA,Yunnan
19,29,NA,Yunnan
19,30,NA,Yunnan
19,31,NA,Yunnan
19,32,NA,Yunnan
19,33,NA,Yunnan
19,34,NA,Yunnan
19,35,NA,Yunnan
19,36,NA,Yunnan
19,37,NA,Yunnan
19,38,NA,Yunnan
19,39,NA,Yunnan
19,40,NA,Yunnan
19,41,NA,Yunnan
19,42,NA,Yunnan
19,43,NA,Yunnan
19,44,NA,Yunnan
19,45,NA,Yunnan
19,46,NA,Yunnan
19,47,NA,Yunnan
19,48,NA,Yunnan
19,49,NA,Yunnan
19,50,NA,Yunnan
19,51,NA,Yunnan
19,52,NA,Yunnan
19,53,NA,Yunnan
19,54,NA,Yunnan
19,55,NA,Yunnan
19,56,NA,Yunnan
19,57,NA,Yunnan
19,58,NA,Yunnan
19,59,NA,Yunnan
19,60,NA,Yunnan
19,61,NA,Yunnan
19,62,NA,Yunnan
19,63,NA,Yunnan
19,64,NA,Yunnan
19,65,NA,Yunnan
19,66,NA,Yunnan
19,67,NA,Yunnan
19,68,NA,Yunnan
19,69,NA,Yunnan
19,70,NA,Yunnan
19,71,NA,Yunnan
19,72,NA,Yunnan
19,73,NA,Yunnan
19,74,NA,Yunnan
19,75,NA,Yunnan
19,76,NA,Yunnan
19,77,NA,Yunnan
19,78,NA,Yunnan
19,79,NA,Yunnan
19,80,NA,Yunnan
19,81,NA,Yunnan
19,82,NA,Yunnan
19,83,1,Yunnan
19,84,3,Yunnan
19,85,6,Yunnan
19,86,5,Yunnan
19,87,10,Yunnan
19,88,18,Yunnan
19,89,11,Yunnan
19,90,15,Yunnan
19,91,13,Yunnan
19,92,10,Yunnan
19,93,12,Yunnan
19,94,12,Yunnan
19,95,5,Yunnan
19,96,6,Yunnan
19,97,5,Yunnan
19,98,5,Yunnan
19,99,0,Yunnan
19,100,3,Yunnan
19,101,8,Yunnan
19,102,4,Yunnan
19,103,1,Yunnan
19,104,2,Yunnan
19,105,6,Yunnan
19,106,6,Yunnan
19,107,3,Yunnan
19,108,0,Yunnan
19,109,1,Yunnan
19,110,0,Yunnan
19,111,2,Yunnan
19,112,0,Yunnan
19,113,0,Yunnan
19,114,0,Yunnan
19,115,0,Yunnan
19,116,0,Yunnan
19,117,0,Yunnan
19,118,0,Yunnan
19,119,0,Yunnan
19,120,0,Yunnan
19,121,0,Yunnan
19,122,0,Yunnan
19,123,0,Yunnan
20,0,NA,Hainan
20,1,NA,Hainan
20,2,NA,Hainan
20,3,NA,Hainan
20,4,NA,Hainan
20,5,NA,Hainan
20,6,NA,Hainan
20,7,NA,Hainan
20,8,NA,Hainan
20,9,NA,Hainan
20,10,NA,Hainan
20,11,NA,Hainan
20,12,NA,Hainan
20,13,NA,Hainan
20,14,NA,Hainan
20,15,NA,Hainan
20,16,NA,Hainan
20,17,NA,Hainan
20,18,NA,Hainan
20,19,NA,Hainan
20,20,NA,Hainan
20,21,NA,Hainan
20,22,NA,Hainan
20,23,NA,Hainan
20,24,NA,Hainan
20,25,NA,Hainan
20,26,NA,Hainan
20,27,NA,Hainan
20,28,NA,Hainan
20,29,NA,Hainan
20,30,NA,Hainan
20,31,NA,Hainan
20,32,NA,Hainan
20,33,NA,Hainan
20,34,NA,Hainan
20,35,NA,Hainan
20,36,NA,Hainan
20,37,NA,Hainan
20,38,NA,Hainan
20,39,NA,Hainan
20,40,NA,Hainan
20,41,NA,Hainan
20,42,NA,Hainan
20,43,NA,Hainan
20,44,NA,Hainan
20,45,NA,Hainan
20,46,NA,Hainan
20,47,NA,Hainan
20,48,NA,Hainan
20,49,NA,Hainan
20,50,NA,Hainan
20,51,NA,Hainan
20,52,NA,Hainan
20,53,NA,Hainan
20,54,NA,Hainan
20,55,NA,Hainan
20,56,NA,Hainan
20,57,NA,Hainan
20,58,NA,Hainan
20,59,NA,Hainan
20,60,NA,Hainan
20,61,NA,Hainan
20,62,NA,Hainan
20,63,NA,Hainan
20,64,NA,Hainan
20,65,NA,Hainan
20,66,NA,Hainan
20,67,NA,Hainan
20,68,NA,Hainan
20,69,NA,Hainan
20,70,NA,Hainan
20,71,NA,Hainan
20,72,NA,Hainan
20,73,NA,Hainan
20,74,NA,Hainan
20,75,NA,Hainan
20,76,NA,Hainan
20,77,NA,Hainan
20,78,NA,Hainan
20,79,NA,Hainan
20,80,NA,Hainan
20,81,NA,Hainan
20,82,NA,Hainan
20,83,1,Hainan
20,84,3,Hainan
20,85,11,Hainan
20,86,3,Hainan
20,87,11,Hainan
20,88,7,Hainan
20,89,3,Hainan
20,90,3,Hainan
20,91,6,Hainan
20,92,10,Hainan
20,93,2,Hainan
20,94,8,Hainan
20,95,8,Hainan
20,96,19,Hainan
20,97,7,Hainan
20,98,11,Hainan
20,99,7,Hainan
20,100,7,Hainan
20,101,7,Hainan
20,102,6,Hainan
20,103,13,Hainan
20,104,0,Hainan
20,105,2,Hainan
20,106,3,Hainan
20,107,0,Hainan
20,108,1,Hainan
20,109,0,Hainan
20,110,5,Hainan
20,111,0,Hainan
20,112,0,Hainan
20,113,0,Hainan
20,114,0,Hainan
20,115,0,Hainan
20,116,0,Hainan
20,117,0,Hainan
20,118,0,Hainan
20,119,0,Hainan
20,120,0,Hainan
20,121,0,Hainan
20,122,0,Hainan
20,123,0,Hainan
21,0,NA,Guizhou
21,1,NA,Guizhou
21,2,NA,Guizhou
21,3,NA,Guizhou
21,4,NA,Guizhou
21,5,NA,Guizhou
21,6,NA,Guizhou
21,7,NA,Guizhou
21,8,NA,Guizhou
21,9,NA,Guizhou
21,10,NA,Guizhou
21,11,NA,Guizhou
21,12,NA,Guizhou
21,13,NA,Guizhou
21,14,NA,Guizhou
21,15,NA,Guizhou
21,16,NA,Guizhou
21,17,NA,Guizhou
21,18,NA,Guizhou
21,19,NA,Guizhou
21,20,NA,Guizhou
21,21,NA,Guizhou
21,22,NA,Guizhou
21,23,NA,Guizhou
21,24,NA,Guizhou
21,25,NA,Guizhou
21,26,NA,Guizhou
21,27,NA,Guizhou
21,28,NA,Guizhou
21,29,NA,Guizhou
21,30,NA,Guizhou
21,31,NA,Guizhou
21,32,NA,Guizhou
21,33,NA,Guizhou
21,34,NA,Guizhou
21,35,NA,Guizhou
21,36,NA,Guizhou
21,37,NA,Guizhou
21,38,NA,Guizhou
21,39,NA,Guizhou
21,40,NA,Guizhou
21,41,NA,Guizhou
21,42,NA,Guizhou
21,43,NA,Guizhou
21,44,NA,Guizhou
21,45,NA,Guizhou
21,46,NA,Guizhou
21,47,NA,Guizhou
21,48,NA,Guizhou
21,49,NA,Guizhou
21,50,NA,Guizhou
21,51,NA,Guizhou
21,52,NA,Guizhou
21,53,NA,Guizhou
21,54,NA,Guizhou
21,55,NA,Guizhou
21,56,NA,Guizhou
21,57,NA,Guizhou
21,58,NA,Guizhou
21,59,NA,Guizhou
21,60,NA,Guizhou
21,61,NA,Guizhou
21,62,NA,Guizhou
21,63,NA,Guizhou
21,64,NA,Guizhou
21,65,NA,Guizhou
21,66,NA,Guizhou
21,67,NA,Guizhou
21,68,NA,Guizhou
21,69,NA,Guizhou
21,70,NA,Guizhou
21,71,NA,Guizhou
21,72,NA,Guizhou
21,73,NA,Guizhou
21,74,NA,Guizhou
21,75,NA,Guizhou
21,76,NA,Guizhou
21,77,NA,Guizhou
21,78,NA,Guizhou
21,79,NA,Guizhou
21,80,NA,Guizhou
21,81,NA,Guizhou
21,82,NA,Guizhou
21,83,2,Guizhou
21,84,0,Guizhou
21,85,1,Guizhou
21,86,1,Guizhou
21,87,2,Guizhou
21,88,2,Guizhou
21,89,0,Guizhou
21,90,3,Guizhou
21,91,17,Guizhou
21,92,0,Guizhou
21,93,9,Guizhou
21,94,8,Guizhou
21,95,12,Guizhou
21,96,6,Guizhou
21,97,7,Guizhou
21,98,10,Guizhou
21,99,8,Guizhou
21,100,10,Guizhou
21,101,10,Guizhou
21,102,18,Guizhou
21,103,6,Guizhou
21,104,2,Guizhou
21,105,5,Guizhou
21,106,3,Guizhou
21,107,1,Guizhou
21,108,2,Guizhou
21,109,0,Guizhou
21,110,0,Guizhou
21,111,0,Guizhou
21,112,0,Guizhou
21,113,0,Guizhou
21,114,0,Guizhou
21,115,0,Guizhou
21,116,0,Guizhou
21,117,0,Guizhou
21,118,0,Guizhou
21,119,0,Guizhou
21,120,0,Guizhou
21,121,0,Guizhou
21,122,0,Guizhou
21,123,0,Guizhou
22,0,NA,Tianjin
22,1,NA,Tianjin
22,2,NA,Tianjin
22,3,NA,Tianjin
22,4,NA,Tianjin
22,5,NA,Tianjin
22,6,NA,Tianjin
22,7,NA,Tianjin
22,8,NA,Tianjin
22,9,NA,Tianjin
22,10,NA,Tianjin
22,11,NA,Tianjin
22,12,NA,Tianjin
22,13,NA,Tianjin
22,14,NA,Tianjin
22,15,NA,Tianjin
22,16,NA,Tianjin
22,17,NA,Tianjin
22,18,NA,Tianjin
22,19,NA,Tianjin
22,20,NA,Tianjin
22,21,NA,Tianjin
22,22,NA,Tianjin
22,23,NA,Tianjin
22,24,NA,Tianjin
22,25,NA,Tianjin
22,26,NA,Tianjin
22,27,NA,Tianjin
22,28,NA,Tianjin
22,29,NA,Tianjin
22,30,NA,Tianjin
22,31,NA,Tianjin
22,32,NA,Tianjin
22,33,NA,Tianjin
22,34,NA,Tianjin
22,35,NA,Tianjin
22,36,NA,Tianjin
22,37,NA,Tianjin
22,38,NA,Tianjin
22,39,NA,Tianjin
22,40,NA,Tianjin
22,41,NA,Tianjin
22,42,NA,Tianjin
22,43,NA,Tianjin
22,44,NA,Tianjin
22,45,NA,Tianjin
22,46,NA,Tianjin
22,47,NA,Tianjin
22,48,NA,Tianjin
22,49,NA,Tianjin
22,50,NA,Tianjin
22,51,NA,Tianjin
22,52,NA,Tianjin
22,53,NA,Tianjin
22,54,NA,Tianjin
22,55,NA,Tianjin
22,56,NA,Tianjin
22,57,NA,Tianjin
22,58,NA,Tianjin
22,59,NA,Tianjin
22,60,NA,Tianjin
22,61,NA,Tianjin
22,62,NA,Tianjin
22,63,NA,Tianjin
22,64,NA,Tianjin
22,65,NA,Tianjin
22,66,NA,Tianjin
22,67,NA,Tianjin
22,68,NA,Tianjin
22,69,NA,Tianjin
22,70,NA,Tianjin
22,71,NA,Tianjin
22,72,NA,Tianjin
22,73,NA,Tianjin
22,74,NA,Tianjin
22,75,NA,Tianjin
22,76,NA,Tianjin
22,77,NA,Tianjin
22,78,NA,Tianjin
22,79,NA,Tianjin
22,80,NA,Tianjin
22,81,NA,Tianjin
22,82,NA,Tianjin
22,83,0,Tianjin
22,84,4,Tianjin
22,85,2,Tianjin
22,86,4,Tianjin
22,87,9,Tianjin
22,88,1,Tianjin
22,89,3,Tianjin
22,90,4,Tianjin
22,91,1,Tianjin
22,92,9,Tianjin
22,93,7,Tianjin
22,94,12,Tianjin
22,95,7,Tianjin
22,96,2,Tianjin
22,97,10,Tianjin
22,98,2,Tianjin
22,99,7,Tianjin
22,100,3,Tianjin
22,101,4,Tianjin
22,102,11,Tianjin
22,103,6,Tianjin
22,104,7,Tianjin
22,105,1,Tianjin
22,106,2,Tianjin
22,107,2,Tianjin
22,108,1,Tianjin
22,109,3,Tianjin
22,110,2,Tianjin
22,111,1,Tianjin
22,112,1,Tianjin
22,113,3,Tianjin
22,114,0,Tianjin
22,115,0,Tianjin
22,116,0,Tianjin
22,117,0,Tianjin
22,118,1,Tianjin
22,119,0,Tianjin
22,120,0,Tianjin
22,121,0,Tianjin
22,122,0,Tianjin
22,123,0,Tianjin
23,0,NA,Shanxi
23,1,NA,Shanxi
23,2,NA,Shanxi
23,3,NA,Shanxi
23,4,NA,Shanxi
23,5,NA,Shanxi
23,6,NA,Shanxi
23,7,NA,Shanxi
23,8,NA,Shanxi
23,9,NA,Shanxi
23,10,NA,Shanxi
23,11,NA,Shanxi
23,12,NA,Shanxi
23,13,NA,Shanxi
23,14,NA,Shanxi
23,15,NA,Shanxi
23,16,NA,Shanxi
23,17,NA,Shanxi
23,18,NA,Shanxi
23,19,NA,Shanxi
23,20,NA,Shanxi
23,21,NA,Shanxi
23,22,NA,Shanxi
23,23,NA,Shanxi
23,24,NA,Shanxi
23,25,NA,Shanxi
23,26,NA,Shanxi
23,27,NA,Shanxi
23,28,NA,Shanxi
23,29,NA,Shanxi
23,30,NA,Shanxi
23,31,NA,Shanxi
23,32,NA,Shanxi
23,33,NA,Shanxi
23,34,NA,Shanxi
23,35,NA,Shanxi
23,36,NA,Shanxi
23,37,NA,Shanxi
23,38,NA,Shanxi
23,39,NA,Shanxi
23,40,NA,Shanxi
23,41,NA,Shanxi
23,42,NA,Shanxi
23,43,NA,Shanxi
23,44,NA,Shanxi
23,45,NA,Shanxi
23,46,NA,Shanxi
23,47,NA,Shanxi
23,48,NA,Shanxi
23,49,NA,Shanxi
23,50,NA,Shanxi
23,51,NA,Shanxi
23,52,NA,Shanxi
23,53,NA,Shanxi
23,54,NA,Shanxi
23,55,NA,Shanxi
23,56,NA,Shanxi
23,57,NA,Shanxi
23,58,NA,Shanxi
23,59,NA,Shanxi
23,60,NA,Shanxi
23,61,NA,Shanxi
23,62,NA,Shanxi
23,63,NA,Shanxi
23,64,NA,Shanxi
23,65,NA,Shanxi
23,66,NA,Shanxi
23,67,NA,Shanxi
23,68,NA,Shanxi
23,69,NA,Shanxi
23,70,NA,Shanxi
23,71,NA,Shanxi
23,72,NA,Shanxi
23,73,NA,Shanxi
23,74,NA,Shanxi
23,75,NA,Shanxi
23,76,NA,Shanxi
23,77,NA,Shanxi
23,78,NA,Shanxi
23,79,NA,Shanxi
23,80,NA,Shanxi
23,81,NA,Shanxi
23,82,NA,Shanxi
23,83,0,Shanxi
23,84,0,Shanxi
23,85,5,Shanxi
23,86,3,Shanxi
23,87,4,Shanxi
23,88,14,Shanxi
23,89,0,Shanxi
23,90,8,Shanxi
23,91,4,Shanxi
23,92,8,Shanxi
23,93,19,Shanxi
23,94,8,Shanxi
23,95,7,Shanxi
23,96,0,Shanxi
23,97,15,Shanxi
23,98,8,Shanxi
23,99,11,Shanxi
23,100,4,Shanxi
23,101,0,Shanxi
23,102,5,Shanxi
23,103,2,Shanxi
23,104,0,Shanxi
23,105,1,Shanxi
23,106,1,Shanxi
23,107,1,Shanxi
23,108,1,Shanxi
23,109,1,Shanxi
23,110,0,Shanxi
23,111,1,Shanxi
23,112,0,Shanxi
23,113,0,Shanxi
23,114,0,Shanxi
23,115,1,Shanxi
23,116,0,Shanxi
23,117,0,Shanxi
23,118,0,Shanxi
23,119,0,Shanxi
23,120,0,Shanxi
23,121,0,Shanxi
23,122,0,Shanxi
23,123,0,Shanxi
24,0,NA,Liaoning
24,1,NA,Liaoning
24,2,NA,Liaoning
24,3,NA,Liaoning
24,4,NA,Liaoning
24,5,NA,Liaoning
24,6,NA,Liaoning
24,7,NA,Liaoning
24,8,NA,Liaoning
24,9,NA,Liaoning
24,10,NA,Liaoning
24,11,NA,Liaoning
24,12,NA,Liaoning
24,13,NA,Liaoning
24,14,NA,Liaoning
24,15,NA,Liaoning
24,16,NA,Liaoning
24,17,NA,Liaoning
24,18,NA,Liaoning
24,19,NA,Liaoning
24,20,NA,Liaoning
24,21,NA,Liaoning
24,22,NA,Liaoning
24,23,NA,Liaoning
24,24,NA,Liaoning
24,25,NA,Liaoning
24,26,NA,Liaoning
24,27,NA,Liaoning
24,28,NA,Liaoning
24,29,NA,Liaoning
24,30,NA,Liaoning
24,31,NA,Liaoning
24,32,NA,Liaoning
24,33,NA,Liaoning
24,34,NA,Liaoning
24,35,NA,Liaoning
24,36,NA,Liaoning
24,37,NA,Liaoning
24,38,NA,Liaoning
24,39,NA,Liaoning
24,40,NA,Liaoning
24,41,NA,Liaoning
24,42,NA,Liaoning
24,43,NA,Liaoning
24,44,NA,Liaoning
24,45,NA,Liaoning
24,46,NA,Liaoning
24,47,NA,Liaoning
24,48,NA,Liaoning
24,49,NA,Liaoning
24,50,NA,Liaoning
24,51,NA,Liaoning
24,52,NA,Liaoning
24,53,NA,Liaoning
24,54,NA,Liaoning
24,55,NA,Liaoning
24,56,NA,Liaoning
24,57,NA,Liaoning
24,58,NA,Liaoning
24,59,NA,Liaoning
24,60,NA,Liaoning
24,61,NA,Liaoning
24,62,NA,Liaoning
24,63,NA,Liaoning
24,64,NA,Liaoning
24,65,NA,Liaoning
24,66,NA,Liaoning
24,67,NA,Liaoning
24,68,NA,Liaoning
24,69,NA,Liaoning
24,70,NA,Liaoning
24,71,NA,Liaoning
24,72,NA,Liaoning
24,73,NA,Liaoning
24,74,NA,Liaoning
24,75,NA,Liaoning
24,76,NA,Liaoning
24,77,NA,Liaoning
24,78,NA,Liaoning
24,79,NA,Liaoning
24,80,NA,Liaoning
24,81,NA,Liaoning
24,82,NA,Liaoning
24,83,1,Liaoning
24,84,1,Liaoning
24,85,13,Liaoning
24,86,4,Liaoning
24,87,6,Liaoning
24,88,7,Liaoning
24,89,5,Liaoning
24,90,2,Liaoning
24,91,7,Liaoning
24,92,16,Liaoning
24,93,6,Liaoning
24,94,4,Liaoning
24,95,7,Liaoning
24,96,8,Liaoning
24,97,5,Liaoning
24,98,5,Liaoning
24,99,6,Liaoning
24,100,2,Liaoning
24,101,1,Liaoning
24,102,3,Liaoning
24,103,5,Liaoning
24,104,1,Liaoning
24,105,2,Liaoning
24,106,0,Liaoning
24,107,2,Liaoning
24,108,0,Liaoning
24,109,0,Liaoning
24,110,0,Liaoning
24,111,0,Liaoning
24,112,0,Liaoning
24,113,0,Liaoning
24,114,0,Liaoning
24,115,0,Liaoning
24,116,0,Liaoning
24,117,0,Liaoning
24,118,0,Liaoning
24,119,0,Liaoning
24,120,0,Liaoning
24,121,1,Liaoning
24,122,0,Liaoning
24,123,3,Liaoning
25,0,NA,Jilin
25,1,NA,Jilin
25,2,NA,Jilin
25,3,NA,Jilin
25,4,NA,Jilin
25,5,NA,Jilin
25,6,NA,Jilin
25,7,NA,Jilin
25,8,NA,Jilin
25,9,NA,Jilin
25,10,NA,Jilin
25,11,NA,Jilin
25,12,NA,Jilin
25,13,NA,Jilin
25,14,NA,Jilin
25,15,NA,Jilin
25,16,NA,Jilin
25,17,NA,Jilin
25,18,NA,Jilin
25,19,NA,Jilin
25,20,NA,Jilin
25,21,NA,Jilin
25,22,NA,Jilin
25,23,NA,Jilin
25,24,NA,Jilin
25,25,NA,Jilin
25,26,NA,Jilin
25,27,NA,Jilin
25,28,NA,Jilin
25,29,NA,Jilin
25,30,NA,Jilin
25,31,NA,Jilin
25,32,NA,Jilin
25,33,NA,Jilin
25,34,NA,Jilin
25,35,NA,Jilin
25,36,NA,Jilin
25,37,NA,Jilin
25,38,NA,Jilin
25,39,NA,Jilin
25,40,NA,Jilin
25,41,NA,Jilin
25,42,NA,Jilin
25,43,NA,Jilin
25,44,NA,Jilin
25,45,NA,Jilin
25,46,NA,Jilin
25,47,NA,Jilin
25,48,NA,Jilin
25,49,NA,Jilin
25,50,NA,Jilin
25,51,NA,Jilin
25,52,NA,Jilin
25,53,NA,Jilin
25,54,NA,Jilin
25,55,NA,Jilin
25,56,NA,Jilin
25,57,NA,Jilin
25,58,NA,Jilin
25,59,NA,Jilin
25,60,NA,Jilin
25,61,NA,Jilin
25,62,NA,Jilin
25,63,NA,Jilin
25,64,NA,Jilin
25,65,NA,Jilin
25,66,NA,Jilin
25,67,NA,Jilin
25,68,NA,Jilin
25,69,NA,Jilin
25,70,NA,Jilin
25,71,NA,Jilin
25,72,NA,Jilin
25,73,NA,Jilin
25,74,NA,Jilin
25,75,NA,Jilin
25,76,NA,Jilin
25,77,NA,Jilin
25,78,NA,Jilin
25,79,NA,Jilin
25,80,NA,Jilin
25,81,NA,Jilin
25,82,NA,Jilin
25,83,1,Jilin
25,84,2,Jilin
25,85,1,Jilin
25,86,0,Jilin
25,87,2,Jilin
25,88,2,Jilin
25,89,1,Jilin
25,90,5,Jilin
25,91,0,Jilin
25,92,3,Jilin
25,93,6,Jilin
25,94,8,Jilin
25,95,11,Jilin
25,96,12,Jilin
25,97,5,Jilin
25,98,6,Jilin
25,99,4,Jilin
25,100,9,Jilin
25,101,2,Jilin
25,102,1,Jilin
25,103,2,Jilin
25,104,1,Jilin
25,105,2,Jilin
25,106,2,Jilin
25,107,1,Jilin
25,108,0,Jilin
25,109,0,Jilin
25,110,1,Jilin
25,111,1,Jilin
25,112,0,Jilin
25,113,0,Jilin
25,114,0,Jilin
25,115,2,Jilin
25,116,0,Jilin
25,117,0,Jilin
25,118,0,Jilin
25,119,0,Jilin
25,120,0,Jilin
25,121,0,Jilin
25,122,0,Jilin
25,123,0,Jilin
26,0,NA,Gansu
26,1,NA,Gansu
26,2,NA,Gansu
26,3,NA,Gansu
26,4,NA,Gansu
26,5,NA,Gansu
26,6,NA,Gansu
26,7,NA,Gansu
26,8,NA,Gansu
26,9,NA,Gansu
26,10,NA,Gansu
26,11,NA,Gansu
26,12,NA,Gansu
26,13,NA,Gansu
26,14,NA,Gansu
26,15,NA,Gansu
26,16,NA,Gansu
26,17,NA,Gansu
26,18,NA,Gansu
26,19,NA,Gansu
26,20,NA,Gansu
26,21,NA,Gansu
26,22,NA,Gansu
26,23,NA,Gansu
26,24,NA,Gansu
26,25,NA,Gansu
26,26,NA,Gansu
26,27,NA,Gansu
26,28,NA,Gansu
26,29,NA,Gansu
26,30,NA,Gansu
26,31,NA,Gansu
26,32,NA,Gansu
26,33,NA,Gansu
26,34,NA,Gansu
26,35,NA,Gansu
26,36,NA,Gansu
26,37,NA,Gansu
26,38,NA,Gansu
26,39,NA,Gansu
26,40,NA,Gansu
26,41,NA,Gansu
26,42,NA,Gansu
26,43,NA,Gansu
26,44,NA,Gansu
26,45,NA,Gansu
26,46,NA,Gansu
26,47,NA,Gansu
26,48,NA,Gansu
26,49,NA,Gansu
26,50,NA,Gansu
26,51,NA,Gansu
26,52,NA,Gansu
26,53,NA,Gansu
26,54,NA,Gansu
26,55,NA,Gansu
26,56,NA,Gansu
26,57,NA,Gansu
26,58,NA,Gansu
26,59,NA,Gansu
26,60,NA,Gansu
26,61,NA,Gansu
26,62,NA,Gansu
26,63,NA,Gansu
26,64,NA,Gansu
26,65,NA,Gansu
26,66,NA,Gansu
26,67,NA,Gansu
26,68,NA,Gansu
26,69,NA,Gansu
26,70,NA,Gansu
26,71,NA,Gansu
26,72,NA,Gansu
26,73,NA,Gansu
26,74,NA,Gansu
26,75,NA,Gansu
26,76,NA,Gansu
26,77,NA,Gansu
26,78,NA,Gansu
26,79,NA,Gansu
26,80,NA,Gansu
26,81,NA,Gansu
26,82,NA,Gansu
26,83,2,Gansu
26,84,0,Gansu
26,85,2,Gansu
26,86,3,Gansu
26,87,7,Gansu
26,88,5,Gansu
26,89,5,Gansu
26,90,2,Gansu
26,91,3,Gansu
26,92,11,Gansu
26,93,11,Gansu
26,94,4,Gansu
26,95,2,Gansu
26,96,5,Gansu
26,97,0,Gansu
26,98,5,Gansu
26,99,12,Gansu
26,100,4,Gansu
26,101,0,Gansu
26,102,3,Gansu
26,103,1,Gansu
26,104,3,Gansu
26,105,0,Gansu
26,106,0,Gansu
26,107,0,Gansu
26,108,1,Gansu
26,109,0,Gansu
26,110,0,Gansu
26,111,0,Gansu
26,112,0,Gansu
26,113,0,Gansu
26,114,0,Gansu
26,115,0,Gansu
26,116,0,Gansu
26,117,0,Gansu
26,118,0,Gansu
26,119,0,Gansu
26,120,0,Gansu
26,121,0,Gansu
26,122,0,Gansu
26,123,0,Gansu
27,0,NA,Xinjiang
27,1,NA,Xinjiang
27,2,NA,Xinjiang
27,3,NA,Xinjiang
27,4,NA,Xinjiang
27,5,NA,Xinjiang
27,6,NA,Xinjiang
27,7,NA,Xinjiang
27,8,NA,Xinjiang
27,9,NA,Xinjiang
27,10,NA,Xinjiang
27,11,NA,Xinjiang
27,12,NA,Xinjiang
27,13,NA,Xinjiang
27,14,NA,Xinjiang
27,15,NA,Xinjiang
27,16,NA,Xinjiang
27,17,NA,Xinjiang
27,18,NA,Xinjiang
27,19,NA,Xinjiang
27,20,NA,Xinjiang
27,21,NA,Xinjiang
27,22,NA,Xinjiang
27,23,NA,Xinjiang
27,24,NA,Xinjiang
27,25,NA,Xinjiang
27,26,NA,Xinjiang
27,27,NA,Xinjiang
27,28,NA,Xinjiang
27,29,NA,Xinjiang
27,30,NA,Xinjiang
27,31,NA,Xinjiang
27,32,NA,Xinjiang
27,33,NA,Xinjiang
27,34,NA,Xinjiang
27,35,NA,Xinjiang
27,36,NA,Xinjiang
27,37,NA,Xinjiang
27,38,NA,Xinjiang
27,39,NA,Xinjiang
27,40,NA,Xinjiang
27,41,NA,Xinjiang
27,42,NA,Xinjiang
27,43,NA,Xinjiang
27,44,NA,Xinjiang
27,45,NA,Xinjiang
27,46,NA,Xinjiang
27,47,NA,Xinjiang
27,48,NA,Xinjiang
27,49,NA,Xinjiang
27,50,NA,Xinjiang
27,51,NA,Xinjiang
27,52,NA,Xinjiang
27,53,NA,Xinjiang
27,54,NA,Xinjiang
27,55,NA,Xinjiang
27,56,NA,Xinjiang
27,57,NA,Xinjiang
27,58,NA,Xinjiang
27,59,NA,Xinjiang
27,60,NA,Xinjiang
27,61,NA,Xinjiang
27,62,NA,Xinjiang
27,63,NA,Xinjiang
27,64,NA,Xinjiang
27,65,NA,Xinjiang
27,66,NA,Xinjiang
27,67,NA,Xinjiang
27,68,NA,Xinjiang
27,69,NA,Xinjiang
27,70,NA,Xinjiang
27,71,NA,Xinjiang
27,72,NA,Xinjiang
27,73,NA,Xinjiang
27,74,NA,Xinjiang
27,75,NA,Xinjiang
27,76,NA,Xinjiang
27,77,NA,Xinjiang
27,78,NA,Xinjiang
27,79,NA,Xinjiang
27,80,NA,Xinjiang
27,81,NA,Xinjiang
27,82,NA,Xinjiang
27,83,2,Xinjiang
27,84,0,Xinjiang
27,85,1,Xinjiang
27,86,1,Xinjiang
27,87,1,Xinjiang
27,88,5,Xinjiang
27,89,3,Xinjiang
27,90,1,Xinjiang
27,91,3,Xinjiang
27,92,1,Xinjiang
27,93,3,Xinjiang
27,94,3,Xinjiang
27,95,5,Xinjiang
27,96,3,Xinjiang
27,97,4,Xinjiang
27,98,3,Xinjiang
27,99,3,Xinjiang
27,100,3,Xinjiang
27,101,4,Xinjiang
27,102,6,Xinjiang
27,103,4,Xinjiang
27,104,4,Xinjiang
27,105,2,Xinjiang
27,106,5,Xinjiang
27,107,1,Xinjiang
27,108,4,Xinjiang
27,109,1,Xinjiang
27,110,0,Xinjiang
27,111,0,Xinjiang
27,112,0,Xinjiang
27,113,0,Xinjiang
27,114,0,Xinjiang
27,115,0,Xinjiang
27,116,0,Xinjiang
27,117,0,Xinjiang
27,118,0,Xinjiang
27,119,0,Xinjiang
27,120,0,Xinjiang
27,121,0,Xinjiang
27,122,0,Xinjiang
27,123,0,Xinjiang
28,0,NA,Inner Mongolia
28,1,NA,Inner Mongolia
28,2,NA,Inner Mongolia
28,3,NA,Inner Mongolia
28,4,NA,Inner Mongolia
28,5,NA,Inner Mongolia
28,6,NA,Inner Mongolia
28,7,NA,Inner Mongolia
28,8,NA,Inner Mongolia
28,9,NA,Inner Mongolia
28,10,NA,Inner Mongolia
28,11,NA,Inner Mongolia
28,12,NA,Inner Mongolia
28,13,NA,Inner Mongolia
28,14,NA,Inner Mongolia
28,15,NA,Inner Mongolia
28,16,NA,Inner Mongolia
28,17,NA,Inner Mongolia
28,18,NA,Inner Mongolia
28,19,NA,Inner Mongolia
28,20,NA,Inner Mongolia
28,21,NA,Inner Mongolia
28,22,NA,Inner Mongolia
28,23,NA,Inner Mongolia
28,24,NA,Inner Mongolia
28,25,NA,Inner Mongolia
28,26,NA,Inner Mongolia
28,27,NA,Inner Mongolia
28,28,NA,Inner Mongolia
28,29,NA,Inner Mongolia
28,30,NA,Inner Mongolia
28,31,NA,Inner Mongolia
28,32,NA,Inner Mongolia
28,33,NA,Inner Mongolia
28,34,NA,Inner Mongolia
28,35,NA,Inner Mongolia
28,36,NA,Inner Mongolia
28,37,NA,Inner Mongolia
28,38,NA,Inner Mongolia
28,39,NA,Inner Mongolia
28,40,NA,Inner Mongolia
28,41,NA,Inner Mongolia
28,42,NA,Inner Mongolia
28,43,NA,Inner Mongolia
28,44,NA,Inner Mongolia
28,45,NA,Inner Mongolia
28,46,NA,Inner Mongolia
28,47,NA,Inner Mongolia
28,48,NA,Inner Mongolia
28,49,NA,Inner Mongolia
28,50,NA,Inner Mongolia
28,51,NA,Inner Mongolia
28,52,NA,Inner Mongolia
28,53,NA,Inner Mongolia
28,54,NA,Inner Mongolia
28,55,NA,Inner Mongolia
28,56,NA,Inner Mongolia
28,57,NA,Inner Mongolia
28,58,NA,Inner Mongolia
28,59,NA,Inner Mongolia
28,60,NA,Inner Mongolia
28,61,NA,Inner Mongolia
28,62,NA,Inner Mongolia
28,63,NA,Inner Mongolia
28,64,NA,Inner Mongolia
28,65,NA,Inner Mongolia
28,66,NA,Inner Mongolia
28,67,NA,Inner Mongolia
28,68,NA,Inner Mongolia
28,69,NA,Inner Mongolia
28,70,NA,Inner Mongolia
28,71,NA,Inner Mongolia
28,72,NA,Inner Mongolia
28,73,NA,Inner Mongolia
28,74,NA,Inner Mongolia
28,75,NA,Inner Mongolia
28,76,NA,Inner Mongolia
28,77,NA,Inner Mongolia
28,78,NA,Inner Mongolia
28,79,NA,Inner Mongolia
28,80,NA,Inner Mongolia
28,81,NA,Inner Mongolia
28,82,NA,Inner Mongolia
28,83,0,Inner Mongolia
28,84,1,Inner Mongolia
28,85,6,Inner Mongolia
28,86,0,Inner Mongolia
28,87,4,Inner Mongolia
28,88,4,Inner Mongolia
28,89,1,Inner Mongolia
28,90,3,Inner Mongolia
28,91,1,Inner Mongolia
28,92,3,Inner Mongolia
28,93,4,Inner Mongolia
28,94,7,Inner Mongolia
28,95,1,Inner Mongolia
28,96,7,Inner Mongolia
28,97,4,Inner Mongolia
28,98,4,Inner Mongolia
28,99,2,Inner Mongolia
28,100,2,Inner Mongolia
28,101,4,Inner Mongolia
28,102,0,Inner Mongolia
28,103,2,Inner Mongolia
28,104,1,Inner Mongolia
28,105,4,Inner Mongolia
28,106,3,Inner Mongolia
28,107,2,Inner Mongolia
28,108,2,Inner Mongolia
28,109,1,Inner Mongolia
28,110,2,Inner Mongolia
28,111,0,Inner Mongolia
28,112,0,Inner Mongolia
28,113,0,Inner Mongolia
28,114,0,Inner Mongolia
28,115,0,Inner Mongolia
28,116,0,Inner Mongolia
28,117,0,Inner Mongolia
28,118,0,Inner Mongolia
28,119,0,Inner Mongolia
28,120,0,Inner Mongolia
28,121,0,Inner Mongolia
28,122,0,Inner Mongolia
28,123,0,Inner Mongolia
29,0,NA,Ningxia
29,1,NA,Ningxia
29,2,NA,Ningxia
29,3,NA,Ningxia
29,4,NA,Ningxia
29,5,NA,Ningxia
29,6,NA,Ningxia
29,7,NA,Ningxia
29,8,NA,Ningxia
29,9,NA,Ningxia
29,10,NA,Ningxia
29,11,NA,Ningxia
29,12,NA,Ningxia
29,13,NA,Ningxia
29,14,NA,Ningxia
29,15,NA,Ningxia
29,16,NA,Ningxia
29,17,NA,Ningxia
29,18,NA,Ningxia
29,19,NA,Ningxia
29,20,NA,Ningxia
29,21,NA,Ningxia
29,22,NA,Ningxia
29,23,NA,Ningxia
29,24,NA,Ningxia
29,25,NA,Ningxia
29,26,NA,Ningxia
29,27,NA,Ningxia
29,28,NA,Ningxia
29,29,NA,Ningxia
29,30,NA,Ningxia
29,31,NA,Ningxia
29,32,NA,Ningxia
29,33,NA,Ningxia
29,34,NA,Ningxia
29,35,NA,Ningxia
29,36,NA,Ningxia
29,37,NA,Ningxia
29,38,NA,Ningxia
29,39,NA,Ningxia
29,40,NA,Ningxia
29,41,NA,Ningxia
29,42,NA,Ningxia
29,43,NA,Ningxia
29,44,NA,Ningxia
29,45,NA,Ningxia
29,46,NA,Ningxia
29,47,NA,Ningxia
29,48,NA,Ningxia
29,49,NA,Ningxia
29,50,NA,Ningxia
29,51,NA,Ningxia
29,52,NA,Ningxia
29,53,NA,Ningxia
29,54,NA,Ningxia
29,55,NA,Ningxia
29,56,NA,Ningxia
29,57,NA,Ningxia
29,58,NA,Ningxia
29,59,NA,Ningxia
29,60,NA,Ningxia
29,61,NA,Ningxia
29,62,NA,Ningxia
29,63,NA,Ningxia
29,64,NA,Ningxia
29,65,NA,Ningxia
29,66,NA,Ningxia
29,67,NA,Ningxia
29,68,NA,Ningxia
29,69,NA,Ningxia
29,70,NA,Ningxia
29,71,NA,Ningxia
29,72,NA,Ningxia
29,73,NA,Ningxia
29,74,NA,Ningxia
29,75,NA,Ningxia
29,76,NA,Ningxia
29,77,NA,Ningxia
29,78,NA,Ningxia
29,79,NA,Ningxia
29,80,NA,Ningxia
29,81,NA,Ningxia
29,82,NA,Ningxia
29,83,0,Ningxia
29,84,1,Ningxia
29,85,1,Ningxia
29,86,1,Ningxia
29,87,3,Ningxia
29,88,4,Ningxia
29,89,1,Ningxia
29,90,5,Ningxia
29,91,4,Ningxia
29,92,5,Ningxia
29,93,2,Ningxia
29,94,3,Ningxia
29,95,3,Ningxia
29,96,0,Ningxia
29,97,6,Ningxia
29,98,3,Ningxia
29,99,2,Ningxia
29,100,0,Ningxia
29,101,4,Ningxia
29,102,4,Ningxia
29,103,5,Ningxia
29,104,6,Ningxia
29,105,3,Ningxia
29,106,3,Ningxia
29,107,0,Ningxia
29,108,0,Ningxia
29,109,0,Ningxia
29,110,1,Ningxia
29,111,0,Ningxia
29,112,0,Ningxia
29,113,0,Ningxia
29,114,0,Ningxia
29,115,0,Ningxia
29,116,0,Ningxia
29,117,0,Ningxia
29,118,1,Ningxia
29,119,0,Ningxia
29,120,1,Ningxia
29,121,0,Ningxia
29,122,1,Ningxia
29,123,0,Ningxia
30,0,NA,Qinghai
30,1,NA,Qinghai
30,2,NA,Qinghai
30,3,NA,Qinghai
30,4,NA,Qinghai
30,5,NA,Qinghai
30,6,NA,Qinghai
30,7,NA,Qinghai
30,8,NA,Qinghai
30,9,NA,Qinghai
30,10,NA,Qinghai
30,11,NA,Qinghai
30,12,NA,Qinghai
30,13,NA,Qinghai
30,14,NA,Qinghai
30,15,NA,Qinghai
30,16,NA,Qinghai
30,17,NA,Qinghai
30,18,NA,Qinghai
30,19,NA,Qinghai
30,20,NA,Qinghai
30,21,NA,Qinghai
30,22,NA,Qinghai
30,23,NA,Qinghai
30,24,NA,Qinghai
30,25,NA,Qinghai
30,26,NA,Qinghai
30,27,NA,Qinghai
30,28,NA,Qinghai
30,29,NA,Qinghai
30,30,NA,Qinghai
30,31,NA,Qinghai
30,32,NA,Qinghai
30,33,NA,Qinghai
30,34,NA,Qinghai
30,35,NA,Qinghai
30,36,NA,Qinghai
30,37,NA,Qinghai
30,38,NA,Qinghai
30,39,NA,Qinghai
30,40,NA,Qinghai
30,41,NA,Qinghai
30,42,NA,Qinghai
30,43,NA,Qinghai
30,44,NA,Qinghai
30,45,NA,Qinghai
30,46,NA,Qinghai
30,47,NA,Qinghai
30,48,NA,Qinghai
30,49,NA,Qinghai
30,50,NA,Qinghai
30,51,NA,Qinghai
30,52,NA,Qinghai
30,53,NA,Qinghai
30,54,NA,Qinghai
30,55,NA,Qinghai
30,56,NA,Qinghai
30,57,NA,Qinghai
30,58,NA,Qinghai
30,59,NA,Qinghai
30,60,NA,Qinghai
30,61,NA,Qinghai
30,62,NA,Qinghai
30,63,NA,Qinghai
30,64,NA,Qinghai
30,65,NA,Qinghai
30,66,NA,Qinghai
30,67,NA,Qinghai
30,68,NA,Qinghai
30,69,NA,Qinghai
30,70,NA,Qinghai
30,71,NA,Qinghai
30,72,NA,Qinghai
30,73,NA,Qinghai
30,74,NA,Qinghai
30,75,NA,Qinghai
30,76,NA,Qinghai
30,77,NA,Qinghai
30,78,NA,Qinghai
30,79,NA,Qinghai
30,80,NA,Qinghai
30,81,NA,Qinghai
30,82,NA,Qinghai
30,83,0,Qinghai
30,84,0,Qinghai
30,85,1,Qinghai
30,86,0,Qinghai
30,87,5,Qinghai
30,88,0,Qinghai
30,89,0,Qinghai
30,90,2,Qinghai
30,91,0,Qinghai
30,92,1,Qinghai
30,93,2,Qinghai
30,94,2,Qinghai
30,95,2,Qinghai
30,96,2,Qinghai
30,97,1,Qinghai
30,98,0,Qinghai
30,99,0,Qinghai
30,100,0,Qinghai
30,101,0,Qinghai
30,102,0,Qinghai
30,103,0,Qinghai
30,104,0,Qinghai
30,105,0,Qinghai
30,106,0,Qinghai
30,107,0,Qinghai
30,108,0,Qinghai
30,109,0,Qinghai
30,110,0,Qinghai
30,111,0,Qinghai
30,112,0,Qinghai
30,113,0,Qinghai
30,114,0,Qinghai
30,115,0,Qinghai
30,116,0,Qinghai
30,117,0,Qinghai
30,118,0,Qinghai
30,119,0,Qinghai
30,120,0,Qinghai
30,121,0,Qinghai
30,122,0,Qinghai
30,123,0,Qinghai
