date,province_raw,n,province
0,Hubei,0,1
1,Hubei,0,1
2,Hubei,0,1
3,Hubei,0,1
4,Hubei,0,1
5,Hubei,0,1
6,Hubei,0,1
7,Hubei,0,1
8,Hubei,0,1
9,Hubei,0,1
10,Hubei,0,1
11,Hubei,0,1
12,Hubei,0,1
13,Hubei,0,1
14,Hubei,0,1
15,Hubei,0,1
16,Hubei,0,1
17,Hubei,0,1
18,Hubei,0,1
19,Hubei,0,1
20,Hubei,0,1
21,Hubei,0,1
22,Hubei,0,1
23,Hubei,0,1
24,Hubei,0,1
25,Hubei,0,1
26,Hubei,0,1
27,Hubei,0,1
28,Hubei,0,1
29,Hubei,0,1
30,Hubei,0,1
31,Hubei,0,1
32,Hubei,0,1
33,Hubei,0,1
34,Hubei,0,1
35,Hubei,0,1
36,Hubei,0,1
37,Hubei,0,1
38,Hubei,0,1
39,Hubei,0,1
40,Hubei,0,1
41,Hubei,0,1
42,Hubei,0,1
43,Hubei,0,1
44,Hubei,0,1
45,Hubei,0,1
46,Hubei,0,1
47,Hubei,0,1
48,Hubei,0,1
49,Hubei,0,1
50,Hubei,0,1
51,Hubei,0,1
52,Hubei,0,1
53,Hubei,0,1
54,Hubei,0,1
55,Hubei,0,1
56,Hubei,0,1
57,Hubei,0,1
58,Hubei,0,1
59,Hubei,0,1
60,Hubei,0,1
61,Hubei,0,1
62,Hubei,0,1
63,Hubei,0,1
64,Hubei,0,1
65,Hubei,0,1
66,Hubei,0,1
67,Hubei,0,1
68,Hubei,0,1
69,Hubei,0,1
70,Hubei,0,1
71,Hubei,0,1
72,Hubei,0,1
73,Hubei,0,1
74,Hubei,0,1
75,Hubei,0,1
76,Hubei,4,1
77,Hubei,17,1
78,Hubei,59,1
79,Hubei,77,1
80,Hubei,72,1
81,Hubei,105,1
82,Hubei,69,1
83,Hubei,105,1
84,Hubei,180,1
85,Hubei,323,1
86,Hubei,371,1
87,Hubei,1291,1
88,Hubei,840,1
89,Hubei,1032,1
90,Hubei,1220,1
91,Hubei,1347,1
92,Hubei,1921,1
93,Hubei,2103,1
94,Hubei,2345,1
95,Hubei,3156,1
96,Hubei,2987,1
97,Hubei,2987,1
98,Hubei,2841,1
99,Hubei,2147,1
100,Hubei,2618,1
101,Hubei,2097,1
102,Hubei,1638,1
103,Hubei,14840,1
104,Hubei,4823,1
105,Hubei,2420,1
106,Hubei,1843,1
107,Hubei,1933,1
108,Hubei,1807,1
109,Hubei,1693,1
110,Hubei,349,1
111,Hubei,631,1
112,Hubei,366,1
113,Hubei,630,1
114,Hubei,398,1
115,Hubei,499,1
116,Hubei,401,1
117,Hubei,409,1
118,Hubei,318,1
119,Hubei,423,1
120,Hubei,570,1
121,Hubei,196,1
122,Hubei,114,1
123,Hubei,115,1
0,Guangdong,0,2
1,Guangdong,0,2
2,Guangdong,0,2
3,Guangdong,0,2
4,Guangdong,0,2
5,Guangdong,0,2
6,Guangdong,0,2
7,Guangdong,0,2
8,Guangdong,0,2
9,Guangdong,0,2
10,Guangdong,0,2
11,Guangdong,0,2
12,Guangdong,0,2
13,Guangdong,0,2
14,Guangdong,0,2
15,Guangdong,0,2
16,Guangdong,0,2
17,Guangdong,0,2
18,Guangdong,0,2
19,Guangdong,0,2
20,Guangdong,0,2
21,Guangdong,0,2
22,Guangdong,0,2
23,Guangdong,0,2
24,Guangdong,0,2
25,Guangdong,0,2
26,Guangdong,0,2
27,Guangdong,0,2
28,Guangdong,0,2
29,Guangdong,0,2
30,Guangdong,0,2
31,Guangdong,0,2
32,Guangdong,0,2
33,Guangdong,0,2
34,Guangdong,0,2
35,Guangdong,0,2
36,Guangdong,0,2
37,Guangdong,0,2
38,Guangdong,0,2
39,Guangdong,0,2
40,Guangdong,0,2
41,Guangdong,0,2
42,Guangdong,0,2
43,Guangdong,0,2
44,Guangdong,0,2
45,Guangdong,0,2
46,Guangdong,0,2
47,Guangdong,0,2
48,Guangdong,0,2
49,Guangdong,0,2
50,Guangdong,0,2
51,Guangdong,0,2
52,Guangdong,0,2
53,Guangdong,0,2
54,Guangdong,0,2
55,Guangdong,0,2
56,Guangdong,0,2
57,Guangdong,0,2
58,Guangdong,0,2
59,Guangdong,0,2
60,Guangdong,0,2
61,Guangdong,0,2
62,Guangdong,0,2
63,Guangdong,0,2
64,Guangdong,0,2
65,Guangdong,0,2
66,Guangdong,0,2
67,Guangdong,0,2
68,Guangdong,0,2
69,Guangdong,0,2
70,Guangdong,0,2
71,Guangdong,0,2
72,Guangdong,0,2
73,Guangdong,0,2
74,Guangdong,0,2
75,Guangdong,0,2
76,Guangdong,0,2
77,Guangdong,0,2
78,Guangdong,0,2
79,Guangdong,0,2
80,Guangdong,0,2
81,Guangdong,12,2
82,Guangdong,6,2
83,Guangdong,21,2
84,Guangdong,25,2
85,Guangdong,20,2
86,Guangdong,48,2
87,Guangdong,42,2
88,Guangdong,53,2
89,Guangdong,70,2
90,Guangdong,82,2
91,Guangdong,127,2
92,Guangdong,85,2
93,Guangdong,79,2
94,Guangdong,114,2
95,Guangdong,73,2
96,Guangdong,74,2
97,Guangdong,74,2
98,Guangdong,57,2
99,Guangdong,45,2
100,Guangdong,31,2
101,Guangdong,26,2
102,Guangdong,42,2
103,Guangdong,22,2
104,Guangdong,20,2
105,Guangdong,33,2
106,Guangdong,22,2
107,Guangdong,6,2
108,Guangdong,6,2
109,Guangdong,3,2
110,Guangdong,1,2
111,Guangdong,1,2
112,Guangdong,6,2
113,Guangdong,3,2
114,Guangdong,3,2
115,Guangdong,2,2
116,Guangdong,0,2
117,Guangdong,0,2
118,Guangdong,1,2
119,Guangdong,1,2
120,Guangdong,0,2
121,Guangdong,1,2
122,Guangdong,0,2
123,Guangdong,0,2
0,Henan,0,3
1,Henan,0,3
2,Henan,0,3
3,Henan,0,3
4,Henan,0,3
5,Henan,0,3
6,Henan,0,3
7,Henan,0,3
8,Henan,0,3
9,Henan,0,3
10,Henan,0,3
11,Henan,0,3
12,Henan,0,3
13,Henan,0,3
14,Henan,0,3
15,Henan,0,3
16,Henan,0,3
17,Henan,0,3
18,Henan,0,3
19,Henan,0,3
20,Henan,0,3
21,Henan,0,3
22,Henan,0,3
23,Henan,0,3
24,Henan,0,3
25,Henan,0,3
26,Henan,0,3
27,Henan,0,3
28,Henan,0,3
29,Henan,0,3
30,Henan,0,3
31,Henan,0,3
32,Henan,0,3
33,Henan,0,3
34,Henan,0,3
35,Henan,0,3
36,Henan,0,3
37,Henan,0,3
38,Henan,0,3
39,Henan,0,3
40,Henan,0,3
41,Henan,0,3
42,Henan,0,3
43,Henan,0,3
44,Henan,0,3
45,Henan,0,3
46,Henan,0,3
47,Henan,0,3
48,Henan,0,3
49,Henan,0,3
50,Henan,0,3
51,Henan,0,3
52,Henan,0,3
53,Henan,0,3
54,Henan,0,3
55,Henan,0,3
56,Henan,0,3
57,Henan,0,3
58,Henan,0,3
59,Henan,0,3
60,Henan,0,3
61,Henan,0,3
62,Henan,0,3
63,Henan,0,3
64,Henan,0,3
65,Henan,0,3
66,Henan,0,3
67,Henan,0,3
68,Henan,0,3
69,Henan,0,3
70,Henan,0,3
71,Henan,0,3
72,Henan,0,3
73,Henan,0,3
74,Henan,0,3
75,Henan,0,3
76,Henan,0,3
77,Henan,0,3
78,Henan,0,3
79,Henan,0,3
80,Henan,0,3
81,Henan,1,3
82,Henan,4,3
83,Henan,4,3
84,Henan,23,3
85,Henan,51,3
86,Henan,45,3
87,Henan,40,3
88,Henan,38,3
89,Henan,72,3
90,Henan,74,3
91,Henan,70,3
92,Henan,71,3
93,Henan,73,3
94,Henan,109,3
95,Henan,89,3
96,Henan,87,3
97,Henan,87,3
98,Henan,67,3
99,Henan,53,3
100,Henan,40,3
101,Henan,32,3
102,Henan,30,3
103,Henan,34,3
104,Henan,15,3
105,Henan,28,3
106,Henan,19,3
107,Henan,15,3
108,Henan,11,3
109,Henan,5,3
110,Henan,4,3
111,Henan,2,3
112,Henan,3,3
113,Henan,1,3
114,Henan,0,3
115,Henan,0,3
116,Henan,0,3
117,Henan,1,3
118,Henan,0,3
119,Henan,0,3
120,Henan,0,3
121,Henan,0,3
122,Henan,0,3
123,Henan,0,3
0,Zhejiang,0,4
1,Zhejiang,0,4
2,Zhejiang,0,4
3,Zhejiang,0,4
4,Zhejiang,0,4
5,Zhejiang,0,4
6,Zhejiang,0,4
7,Zhejiang,0,4
8,Zhejiang,0,4
9,Zhejiang,0,4
10,Zhejiang,0,4
11,Zhejiang,0,4
12,Zhejiang,0,4
13,Zhejiang,0,4
14,Zhejiang,0,4
15,Zhejiang,0,4
16,Zhejiang,0,4
17,Zhejiang,0,4
18,Zhejiang,0,4
19,Zhejiang,0,4
20,Zhejiang,0,4
21,Zhejiang,0,4
22,Zhejiang,0,4
23,Zhejiang,0,4
24,Zhejiang,0,4
25,Zhejiang,0,4
26,Zhejiang,0,4
27,Zhejiang,0,4
28,Zhejiang,0,4
29,Zhejiang,0,4
30,Zhejiang,0,4
31,Zhejiang,0,4
32,Zhejiang,0,4
33,Zhejiang,0,4
34,Zhejiang,0,4
35,Zhejiang,0,4
36,Zhejiang,0,4
37,Zhejiang,0,4
38,Zhejiang,0,4
39,Zhejiang,0,4
40,Zhejiang,0,4
41,Zhejiang,0,4
42,Zhejiang,0,4
43,Zhejiang,0,4
44,Zhejiang,0,4
45,Zhejiang,0,4
46,Zhejiang,0,4
47,Zhejiang,0,4
48,Zhejiang,0,4
49,Zhejiang,0,4
50,Zhejiang,0,4
51,Zhejiang,0,4
52,Zhejiang,0,4
53,Zhejiang,0,4
54,Zhejiang,0,4
55,Zhejiang,0,4
56,Zhejiang,0,4
57,Zhejiang,0,4
58,Zhejiang,0,4
59,Zhejiang,0,4
60,Zhejiang,0,4
61,Zhejiang,0,4
62,Zhejiang,0,4
63,Zhejiang,0,4
64,Zhejiang,0,4
65,Zhejiang,0,4
66,Zhejiang,0,4
67,Zhejiang,0,4
68,Zhejiang,0,4
69,Zhejiang,0,4
70,Zhejiang,0,4
71,Zhejiang,0,4
72,Zhejiang,0,4
73,Zhejiang,0,4
74,Zhejiang,0,4
75,Zhejiang,0,4
76,Zhejiang,0,4
77,Zhejiang,0,4
78,Zhejiang,0,4
79,Zhejiang,0,4
80,Zhejiang,0,4
81,Zhejiang,5,4
82,Zhejiang,5,4
83,Zhejiang,20,4
84,Zhejiang,19,4
85,Zhejiang,42,4
86,Zhejiang,24,4
87,Zhejiang,45,4
88,Zhejiang,123,4
89,Zhejiang,132,4
90,Zhejiang,109,4
91,Zhejiang,62,4
92,Zhejiang,62,4
93,Zhejiang,63,4
94,Zhejiang,105,4
95,Zhejiang,66,4
96,Zhejiang,59,4
97,Zhejiang,59,4
98,Zhejiang,42,4
99,Zhejiang,27,4
100,Zhejiang,29,4
101,Zhejiang,25,4
102,Zhejiang,14,4
103,Zhejiang,14,4
104,Zhejiang,10,4
105,Zhejiang,7,4
106,Zhejiang,5,4
107,Zhejiang,4,4
108,Zhejiang,1,4
109,Zhejiang,1,4
110,Zhejiang,2,4
111,Zhejiang,28,4
112,Zhejiang,2,4
113,Zhejiang,0,4
114,Zhejiang,0,4
115,Zhejiang,0,4
116,Zhejiang,0,4
117,Zhejiang,0,4
118,Zhejiang,0,4
119,Zhejiang,0,4
120,Zhejiang,0,4
121,Zhejiang,1,4
122,Zhejiang,7,4
123,Zhejiang,0,4
0,Hunan,0,5
1,Hunan,0,5
2,Hunan,0,5
3,Hunan,0,5
4,Hunan,0,5
5,Hunan,0,5
6,Hunan,0,5
7,Hunan,0,5
8,Hunan,0,5
9,Hunan,0,5
10,Hunan,0,5
11,Hunan,0,5
12,Hunan,0,5
13,Hunan,0,5
14,Hunan,0,5
15,Hunan,0,5
16,Hunan,0,5
17,Hunan,0,5
18,Hunan,0,5
19,Hunan,0,5
20,Hunan,0,5
21,Hunan,0,5
22,Hunan,0,5
23,Hunan,0,5
24,Hunan,0,5
25,Hunan,0,5
26,Hunan,0,5
27,Hunan,0,5
28,Hunan,0,5
29,Hunan,0,5
30,Hunan,0,5
31,Hunan,0,5
32,Hunan,0,5
33,Hunan,0,5
34,Hunan,0,5
35,Hunan,0,5
36,Hunan,0,5
37,Hunan,0,5
38,Hunan,0,5
39,Hunan,0,5
40,Hunan,0,5
41,Hunan,0,5
42,Hunan,0,5
43,Hunan,0,5
44,Hunan,0,5
45,Hunan,0,5
46,Hunan,0,5
47,Hunan,0,5
48,Hunan,0,5
49,Hunan,0,5
50,Hunan,0,5
51,Hunan,0,5
52,Hunan,0,5
53,Hunan,0,5
54,Hunan,0,5
55,Hunan,0,5
56,Hunan,0,5
57,Hunan,0,5
58,Hunan,0,5
59,Hunan,0,5
60,Hunan,0,5
61,Hunan,0,5
62,Hunan,0,5
63,Hunan,0,5
64,Hunan,0,5
65,Hunan,0,5
66,Hunan,0,5
67,Hunan,0,5
68,Hunan,0,5
69,Hunan,0,5
70,Hunan,0,5
71,Hunan,0,5
72,Hunan,0,5
73,Hunan,0,5
74,Hunan,0,5
75,Hunan,0,5
76,Hunan,0,5
77,Hunan,0,5
78,Hunan,0,5
79,Hunan,0,5
80,Hunan,0,5
81,Hunan,1,5
82,Hunan,3,5
83,Hunan,5,5
84,Hunan,15,5
85,Hunan,45,5
86,Hunan,31,5
87,Hunan,43,5
88,Hunan,78,5
89,Hunan,56,5
90,Hunan,55,5
91,Hunan,57,5
92,Hunan,74,5
93,Hunan,58,5
94,Hunan,72,5
95,Hunan,68,5
96,Hunan,50,5
97,Hunan,50,5
98,Hunan,31,5
99,Hunan,35,5
100,Hunan,41,5
101,Hunan,33,5
102,Hunan,34,5
103,Hunan,22,5
104,Hunan,20,5
105,Hunan,13,5
106,Hunan,3,5
107,Hunan,2,5
108,Hunan,1,5
109,Hunan,1,5
110,Hunan,2,5
111,Hunan,1,5
112,Hunan,2,5
113,Hunan,3,5
114,Hunan,0,5
115,Hunan,0,5
116,Hunan,0,5
117,Hunan,1,5
118,Hunan,0,5
119,Hunan,1,5
120,Hunan,0,5
121,Hunan,0,5
122,Hunan,0,5
123,Hunan,0,5
0,Anhui,0,6
1,Anhui,0,6
2,Anhui,0,6
3,Anhui,0,6
4,Anhui,0,6
5,Anhui,0,6
6,Anhui,0,6
7,Anhui,0,6
8,Anhui,0,6
9,Anhui,0,6
10,Anhui,0,6
11,Anhui,0,6
12,Anhui,0,6
13,Anhui,0,6
14,Anhui,0,6
15,Anhui,0,6
16,Anhui,0,6
17,Anhui,0,6
18,Anhui,0,6
19,Anhui,0,6
20,Anhui,0,6
21,Anhui,0,6
22,Anhui,0,6
23,Anhui,0,6
24,Anhui,0,6
25,Anhui,0,6
26,Anhui,0,6
27,Anhui,0,6
28,Anhui,0,6
29,Anhui,0,6
30,Anhui,0,6
31,Anhui,0,6
32,Anhui,0,6
33,Anhui,0,6
34,Anhui,0,6
35,Anhui,0,6
36,Anhui,0,6
37,Anhui,0,6
38,Anhui,0,6
39,Anhui,0,6
40,Anhui,0,6
41,Anhui,0,6
42,Anhui,0,6
43,Anhui,0,6
44,Anhui,0,6
45,Anhui,0,6
46,Anhui,0,6
47,Anhui,0,6
48,Anhui,0,6
49,Anhui,0,6
50,Anhui,0,6
51,Anhui,0,6
52,Anhui,0,6
53,Anhui,0,6
54,Anhui,0,6
55,Anhui,0,6
56,Anhui,0,6
57,Anhui,0,6
58,Anhui,0,6
59,Anhui,0,6
60,Anhui,0,6
61,Anhui,0,6
62,Anhui,0,6
63,Anhui,0,6
64,Anhui,0,6
65,Anhui,0,6
66,Anhui,0,6
67,Anhui,0,6
68,Anhui,0,6
69,Anhui,0,6
70,Anhui,0,6
71,Anhui,0,6
72,Anhui,0,6
73,Anhui,0,6
74,Anhui,0,6
75,Anhui,0,6
76,Anhui,0,6
77,Anhui,0,6
78,Anhui,0,6
79,Anhui,0,6
80,Anhui,0,6
81,Anhui,0,6
82,Anhui,1,6
83,Anhui,14,6
84,Anhui,24,6
85,Anhui,21,6
86,Anhui,10,6
87,Anhui,36,6
88,Anhui,46,6
89,Anhui,48,6
90,Anhui,37,6
91,Anhui,60,6
92,Anhui,43,6
93,Anhui,68,6
94,Anhui,72,6
95,Anhui,50,6
96,Anhui,61,6
97,Anhui,61,6
98,Anhui,68,6
99,Anhui,46,6
100,Anhui,51,6
101,Anhui,30,6
102,Anhui,29,6
103,Anhui,22,6
104,Anhui,24,6
105,Anhui,16,6
106,Anhui,12,6
107,Anhui,11,6
108,Anhui,9,6
109,Anhui,4,6
110,Anhui,1,6
111,Anhui,1,6
112,Anhui,1,6
113,Anhui,0,6
114,Anhui,0,6
115,Anhui,0,6
116,Anhui,0,6
117,Anhui,0,6
118,Anhui,1,6
119,Anhui,0,6
120,Anhui,0,6
121,Anhui,0,6
122,Anhui,0,6
123,Anhui,0,6
0,Jiangxi,0,7
1,Jiangxi,0,7
2,Jiangxi,0,7
3,Jiangxi,0,7
4,Jiangxi,0,7
5,Jiangxi,0,7
6,Jiangxi,0,7
7,Jiangxi,0,7
8,Jiangxi,0,7
9,Jiangxi,0,7
10,Jiangxi,0,7
11,Jiangxi,0,7
12,Jiangxi,0,7
13,Jiangxi,0,7
14,Jiangxi,0,7
15,Jiangxi,0,7
16,Jiangxi,0,7
17,Jiangxi,0,7
18,Jiangxi,0,7
19,Jiangxi,0,7
20,Jiangxi,0,7
21,Jiangxi,0,7
22,Jiangxi,0,7
23,Jiangxi,0,7
24,Jiangxi,0,7
25,Jiangxi,0,7
26,Jiangxi,0,7
27,Jiangxi,0,7
28,Jiangxi,0,7
29,Jiangxi,0,7
30,Jiangxi,0,7
31,Jiangxi,0,7
32,Jiangxi,0,7
33,Jiangxi,0,7
34,Jiangxi,0,7
35,Jiangxi,0,7
36,Jiangxi,0,7
37,Jiangxi,0,7
38,Jiangxi,0,7
39,Jiangxi,0,7
40,Jiangxi,0,7
41,Jiangxi,0,7
42,Jiangxi,0,7
43,Jiangxi,0,7
44,Jiangxi,0,7
45,Jiangxi,0,7
46,Jiangxi,0,7
47,Jiangxi,0,7
48,Jiangxi,0,7
49,Jiangxi,0,7
50,Jiangxi,0,7
51,Jiangxi,0,7
52,Jiangxi,0,7
53,Jiangxi,0,7
54,Jiangxi,0,7
55,Jiangxi,0,7
56,Jiangxi,0,7
57,Jiangxi,0,7
58,Jiangxi,0,7
59,Jiangxi,0,7
60,Jiangxi,0,7
61,Jiangxi,0,7
62,Jiangxi,0,7
63,Jiangxi,0,7
64,Jiangxi,0,7
65,Jiangxi,0,7
66,Jiangxi,0,7
67,Jiangxi,0,7
68,Jiangxi,0,7
69,Jiangxi,0,7
70,Jiangxi,0,7
71,Jiangxi,0,7
72,Jiangxi,0,7
73,Jiangxi,0,7
74,Jiangxi,0,7
75,Jiangxi,0,7
76,Jiangxi,0,7
77,Jiangxi,0,7
78,Jiangxi,0,7
79,Jiangxi,0,7
80,Jiangxi,0,7
81,Jiangxi,2,7
82,Jiangxi,1,7
83,Jiangxi,4,7
84,Jiangxi,11,7
85,Jiangxi,18,7
86,Jiangxi,12,7
87,Jiangxi,24,7
88,Jiangxi,37,7
89,Jiangxi,53,7
90,Jiangxi,78,7
91,Jiangxi,47,7
92,Jiangxi,47,7
93,Jiangxi,59,7
94,Jiangxi,85,7
95,Jiangxi,72,7
96,Jiangxi,52,7
97,Jiangxi,52,7
98,Jiangxi,37,7
99,Jiangxi,42,7
100,Jiangxi,32,7
101,Jiangxi,32,7
102,Jiangxi,40,7
103,Jiangxi,28,7
104,Jiangxi,28,7
105,Jiangxi,13,7
106,Jiangxi,13,7
107,Jiangxi,5,7
108,Jiangxi,3,7
109,Jiangxi,1,7
110,Jiangxi,1,7
111,Jiangxi,0,7
112,Jiangxi,0,7
113,Jiangxi,0,7
114,Jiangxi,0,7
115,Jiangxi,0,7
116,Jiangxi,0,7
117,Jiangxi,0,7
118,Jiangxi,1,7
119,Jiangxi,0,7
120,Jiangxi,0,7
121,Jiangxi,0,7
122,Jiangxi,0,7
123,Jiangxi,0,7
0,Shandong,0,8
1,Shandong,0,8
2,Shandong,0,8
3,Shandong,0,8
4,Shandong,0,8
5,Shandong,0,8
6,Shandong,0,8
7,Shandong,0,8
8,Shandong,0,8
9,Shandong,0,8
10,Shandong,0,8
11,Shandong,0,8
12,Shandong,0,8
13,Shandong,0,8
14,Shandong,0,8
15,Shandong,0,8
16,Shandong,0,8
17,Shandong,0,8
18,Shandong,0,8
19,Shandong,0,8
20,Shandong,0,8
21,Shandong,0,8
22,Shandong,0,8
23,Shandong,0,8
24,Shandong,0,8
25,Shandong,0,8
26,Shandong,0,8
27,Shandong,0,8
28,Shandong,0,8
29,Shandong,0,8
30,Shandong,0,8
31,Shandong,0,8
32,Shandong,0,8
33,Shandong,0,8
34,Shandong,0,8
35,Shandong,0,8
36,Shandong,0,8
37,Shandong,0,8
38,Shandong,0,8
39,Shandong,0,8
40,Shandong,0,8
41,Shandong,0,8
42,Shandong,0,8
43,Shandong,0,8
44,Shandong,0,8
45,Shandong,0,8
46,Shandong,0,8
47,Shandong,0,8
48,Shandong,0,8
49,Shandong,0,8
50,Shandong,0,8
51,Shandong,0,8
52,Shandong,0,8
53,Shandong,0,8
54,Shandong,0,8
55,Shandong,0,8
56,Shandong,0,8
57,Shandong,0,8
58,Shandong,0,8
59,Shandong,0,8
60,Shandong,0,8
61,Shandong,0,8
62,Shandong,0,8
63,Shandong,0,8
64,Shandong,0,8
65,Shandong,0,8
66,Shandong,0,8
67,Shandong,0,8
68,Shandong,0,8
69,Shandong,0,8
70,Shandong,0,8
71,Shandong,0,8
72,Shandong,0,8
73,Shandong,0,8
74,Shandong,0,8
75,Shandong,0,8
76,Shandong,0,8
77,Shandong,0,8
78,Shandong,0,8
79,Shandong,0,8
80,Shandong,0,8
81,Shandong,1,8
82,Shandong,1,8
83,Shandong,7,8
84,Shandong,12,8
85,Shandong,18,8
86,Shandong,22,8
87,Shandong,26,8
88,Shandong,34,8
89,Shandong,24,8
90,Shandong,33,8
91,Shandong,24,8
92,Shandong,23,8
93,Shandong,21,8
94,Shandong,24,8
95,Shandong,28,8
96,Shandong,45,8
97,Shandong,45,8
98,Shandong,28,8
99,Shandong,28,8
100,Shandong,24,8
101,Shandong,27,8
102,Shandong,11,8
103,Shandong,9,8
104,Shandong,13,8
105,Shandong,11,8
106,Shandong,7,8
107,Shandong,4,8
108,Shandong,2,8
109,Shandong,1,8
110,Shandong,2,8
111,Shandong,NA,8
112,Shandong,NA,8
113,Shandong,NA,8
114,Shandong,NA,8
115,Shandong,NA,8
116,Shandong,NA,8
117,Shandong,NA,8
118,Shandong,NA,8
119,Shandong,NA,8
120,Shandong,NA,8
121,Shandong,NA,8
122,Shandong,NA,8
123,Shandong,NA,8
0,Jiangsu,0,9
1,Jiangsu,0,9
2,Jiangsu,0,9
3,Jiangsu,0,9
4,Jiangsu,0,9
5,Jiangsu,0,9
6,Jiangsu,0,9
7,Jiangsu,0,9
8,Jiangsu,0,9
9,Jiangsu,0,9
10,Jiangsu,0,9
11,Jiangsu,0,9
12,Jiangsu,0,9
13,Jiangsu,0,9
14,Jiangsu,0,9
15,Jiangsu,0,9
16,Jiangsu,0,9
17,Jiangsu,0,9
18,Jiangsu,0,9
19,Jiangsu,0,9
20,Jiangsu,0,9
21,Jiangsu,0,9
22,Jiangsu,0,9
23,Jiangsu,0,9
24,Jiangsu,0,9
25,Jiangsu,0,9
26,Jiangsu,0,9
27,Jiangsu,0,9
28,Jiangsu,0,9
29,Jiangsu,0,9
30,Jiangsu,0,9
31,Jiangsu,0,9
32,Jiangsu,0,9
33,Jiangsu,0,9
34,Jiangsu,0,9
35,Jiangsu,0,9
36,Jiangsu,0,9
37,Jiangsu,0,9
38,Jiangsu,0,9
39,Jiangsu,0,9
40,Jiangsu,0,9
41,Jiangsu,0,9
42,Jiangsu,0,9
43,Jiangsu,0,9
44,Jiangsu,0,9
45,Jiangsu,0,9
46,Jiangsu,0,9
47,Jiangsu,0,9
48,Jiangsu,0,9
49,Jiangsu,0,9
50,Jiangsu,0,9
51,Jiangsu,0,9
52,Jiangsu,0,9
53,Jiangsu,0,9
54,Jiangsu,0,9
55,Jiangsu,0,9
56,Jiangsu,0,9
57,Jiangsu,0,9
58,Jiangsu,0,9
59,Jiangsu,0,9
60,Jiangsu,0,9
61,Jiangsu,0,9
62,Jiangsu,0,9
63,Jiangsu,0,9
64,Jiangsu,0,9
65,Jiangsu,0,9
66,Jiangsu,0,9
67,Jiangsu,0,9
68,Jiangsu,0,9
69,Jiangsu,0,9
70,Jiangsu,0,9
71,Jiangsu,0,9
72,Jiangsu,0,9
73,Jiangsu,0,9
74,Jiangsu,0,9
75,Jiangsu,0,9
76,Jiangsu,0,9
77,Jiangsu,0,9
78,Jiangsu,0,9
79,Jiangsu,0,9
80,Jiangsu,0,9
81,Jiangsu,0,9
82,Jiangsu,1,9
83,Jiangsu,4,9
84,Jiangsu,9,9
85,Jiangsu,17,9
86,Jiangsu,16,9
87,Jiangsu,23,9
88,Jiangsu,29,9
89,Jiangsu,30,9
90,Jiangsu,39,9
91,Jiangsu,34,9
92,Jiangsu,34,9
93,Jiangsu,35,9
94,Jiangsu,37,9
95,Jiangsu,33,9
96,Jiangsu,32,9
97,Jiangsu,32,9
98,Jiangsu,31,9
99,Jiangsu,29,9
100,Jiangsu,24,9
101,Jiangsu,23,9
102,Jiangsu,28,9
103,Jiangsu,27,9
104,Jiangsu,23,9
105,Jiangsu,11,9
106,Jiangsu,13,9
107,Jiangsu,9,9
108,Jiangsu,3,9
109,Jiangsu,2,9
110,Jiangsu,0,9
111,Jiangsu,0,9
112,Jiangsu,0,9
113,Jiangsu,0,9
114,Jiangsu,0,9
115,Jiangsu,0,9
116,Jiangsu,0,9
117,Jiangsu,0,9
118,Jiangsu,0,9
119,Jiangsu,0,9
120,Jiangsu,0,9
121,Jiangsu,0,9
122,Jiangsu,0,9
123,Jiangsu,0,9
0,Chongqing,0,10
1,Chongqing,0,10
2,Chongqing,0,10
3,Chongqing,0,10
4,Chongqing,0,10
5,Chongqing,0,10
6,Chongqing,0,10
7,Chongqing,0,10
8,Chongqing,0,10
9,Chongqing,0,10
10,Chongqing,0,10
11,Chongqing,0,10
12,Chongqing,0,10
13,Chongqing,0,10
14,Chongqing,0,10
15,Chongqing,0,10
16,Chongqing,0,10
17,Chongqing,0,10
18,Chongqing,0,10
19,Chongqing,0,10
20,Chongqing,0,10
21,Chongqing,0,10
22,Chongqing,0,10
23,Chongqing,0,10
24,Chongqing,0,10
25,Chongqing,0,10
26,Chongqing,0,10
27,Chongqing,0,10
28,Chongqing,0,10
29,Chongqing,0,10
30,Chongqing,0,10
31,Chongqing,0,10
32,Chongqing,0,10
33,Chongqing,0,10
34,Chongqing,0,10
35,Chongqing,0,10
36,Chongqing,0,10
37,Chongqing,0,10
38,Chongqing,0,10
39,Chongqing,0,10
40,Chongqing,0,10
41,Chongqing,0,10
42,Chongqing,0,10
43,Chongqing,0,10
44,Chongqing,0,10
45,Chongqing,0,10
46,Chongqing,0,10
47,Chongqing,0,10
48,Chongqing,0,10
49,Chongqing,0,10
50,Chongqing,0,10
51,Chongqing,0,10
52,Chongqing,0,10
53,Chongqing,0,10
54,Chongqing,0,10
55,Chongqing,0,10
56,Chongqing,0,10
57,Chongqing,0,10
58,Chongqing,0,10
59,Chongqing,0,10
60,Chongqing,0,10
61,Chongqing,0,10
62,Chongqing,0,10
63,Chongqing,0,10
64,Chongqing,0,10
65,Chongqing,0,10
66,Chongqing,0,10
67,Chongqing,0,10
68,Chongqing,0,10
69,Chongqing,0,10
70,Chongqing,0,10
71,Chongqing,0,10
72,Chongqing,0,10
73,Chongqing,0,10
74,Chongqing,0,10
75,Chongqing,0,10
76,Chongqing,0,10
77,Chongqing,0,10
78,Chongqing,0,10
79,Chongqing,0,10
80,Chongqing,0,10
81,Chongqing,5,10
82,Chongqing,4,10
83,Chongqing,18,10
84,Chongqing,30,10
85,Chongqing,18,10
86,Chongqing,35,10
87,Chongqing,22,10
88,Chongqing,15,10
89,Chongqing,18,10
90,Chongqing,41,10
91,Chongqing,32,10
92,Chongqing,24,10
93,Chongqing,38,10
94,Chongqing,37,10
95,Chongqing,29,10
96,Chongqing,23,10
97,Chongqing,23,10
98,Chongqing,15,10
99,Chongqing,20,10
100,Chongqing,22,10
101,Chongqing,18,10
102,Chongqing,19,10
103,Chongqing,13,10
104,Chongqing,11,10
105,Chongqing,8,10
106,Chongqing,7,10
107,Chongqing,7,10
108,Chongqing,2,10
109,Chongqing,2,10
110,Chongqing,5,10
111,Chongqing,7,10
112,Chongqing,5,10
113,Chongqing,1,10
114,Chongqing,2,10
115,Chongqing,1,10
116,Chongqing,0,10
117,Chongqing,0,10
118,Chongqing,0,10
119,Chongqing,0,10
120,Chongqing,0,10
121,Chongqing,0,10
122,Chongqing,0,10
123,Chongqing,0,10
0,Sichuan,0,11
1,Sichuan,0,11
2,Sichuan,0,11
3,Sichuan,0,11
4,Sichuan,0,11
5,Sichuan,0,11
6,Sichuan,0,11
7,Sichuan,0,11
8,Sichuan,0,11
9,Sichuan,0,11
10,Sichuan,0,11
11,Sichuan,0,11
12,Sichuan,0,11
13,Sichuan,0,11
14,Sichuan,0,11
15,Sichuan,0,11
16,Sichuan,0,11
17,Sichuan,0,11
18,Sichuan,0,11
19,Sichuan,0,11
20,Sichuan,0,11
21,Sichuan,0,11
22,Sichuan,0,11
23,Sichuan,0,11
24,Sichuan,0,11
25,Sichuan,0,11
26,Sichuan,0,11
27,Sichuan,0,11
28,Sichuan,0,11
29,Sichuan,0,11
30,Sichuan,0,11
31,Sichuan,0,11
32,Sichuan,0,11
33,Sichuan,0,11
34,Sichuan,0,11
35,Sichuan,0,11
36,Sichuan,0,11
37,Sichuan,0,11
38,Sichuan,0,11
39,Sichuan,0,11
40,Sichuan,0,11
41,Sichuan,0,11
42,Sichuan,0,11
43,Sichuan,0,11
44,Sichuan,0,11
45,Sichuan,0,11
46,Sichuan,0,11
47,Sichuan,0,11
48,Sichuan,0,11
49,Sichuan,0,11
50,Sichuan,0,11
51,Sichuan,0,11
52,Sichuan,0,11
53,Sichuan,0,11
54,Sichuan,0,11
55,Sichuan,0,11
56,Sichuan,0,11
57,Sichuan,0,11
58,Sichuan,0,11
59,Sichuan,0,11
60,Sichuan,0,11
61,Sichuan,0,11
62,Sichuan,0,11
63,Sichuan,0,11
64,Sichuan,0,11
65,Sichuan,0,11
66,Sichuan,0,11
67,Sichuan,0,11
68,Sichuan,0,11
69,Sichuan,0,11
70,Sichuan,0,11
71,Sichuan,0,11
72,Sichuan,0,11
73,Sichuan,0,11
74,Sichuan,0,11
75,Sichuan,0,11
76,Sichuan,0,11
77,Sichuan,0,11
78,Sichuan,0,11
79,Sichuan,0,11
80,Sichuan,0,11
81,Sichuan,2,11
82,Sichuan,3,11
83,Sichuan,10,11
84,Sichuan,13,11
85,Sichuan,16,11
86,Sichuan,25,11
87,Sichuan,21,11
88,Sichuan,18,11
89,Sichuan,34,11
90,Sichuan,36,11
91,Sichuan,30,11
92,Sichuan,24,11
93,Sichuan,23,11
94,Sichuan,28,11
95,Sichuan,19,11
96,Sichuan,20,11
97,Sichuan,20,11
98,Sichuan,19,11
99,Sichuan,23,11
100,Sichuan,19,11
101,Sichuan,12,11
102,Sichuan,19,11
103,Sichuan,15,11
104,Sichuan,12,11
105,Sichuan,7,11
106,Sichuan,11,11
107,Sichuan,14,11
108,Sichuan,13,11
109,Sichuan,6,11
110,Sichuan,6,11
111,Sichuan,5,11
112,Sichuan,1,11
113,Sichuan,0,11
114,Sichuan,1,11
115,Sichuan,2,11
116,Sichuan,2,11
117,Sichuan,3,11
118,Sichuan,4,11
119,Sichuan,0,11
120,Sichuan,0,11
121,Sichuan,0,11
122,Sichuan,0,11
123,Sichuan,0,11
0,Heilongjiang,0,12
1,Heilongjiang,0,12
2,Heilongjiang,0,12
3,Heilongjiang,0,12
4,Heilongjiang,0,12
5,Heilongjiang,0,12
6,Heilongjiang,0,12
7,Heilongjiang,0,12
8,Heilongjiang,0,12
9,Heilongjiang,0,12
10,Heilongjiang,0,12
11,Heilongjiang,0,12
12,Heilongjiang,0,12
13,Heilongjiang,0,12
14,Heilongjiang,0,12
15,Heilongjiang,0,12
16,Heilongjiang,0,12
17,Heilongjiang,0,12
18,Heilongjiang,0,12
19,Heilongjiang,0,12
20,Heilongjiang,0,12
21,Heilongjiang,0,12
22,Heilongjiang,0,12
23,Heilongjiang,0,12
24,Heilongjiang,0,12
25,Heilongjiang,0,12
26,Heilongjiang,0,12
27,Heilongjiang,0,12
28,Heilongjiang,0,12
29,Heilongjiang,0,12
30,Heilongjiang,0,12
31,Heilongjiang,0,12
32,Heilongjiang,0,12
33,Heilongjiang,0,12
34,Heilongjiang,0,12
35,Heilongjiang,0,12
36,Heilongjiang,0,12
37,Heilongjiang,0,12
38,Heilongjiang,0,12
39,Heilongjiang,0,12
40,Heilongjiang,0,12
41,Heilongjiang,0,12
42,Heilongjiang,0,12
43,Heilongjiang,0,12
44,Heilongjiang,0,12
45,Heilongjiang,0,12
46,Heilongjiang,0,12
47,Heilongjiang,0,12
48,Heilongjiang,0,12
49,Heilongjiang,0,12
50,Heilongjiang,0,12
51,Heilongjiang,0,12
52,Heilongjiang,0,12
53,Heilongjiang,0,12
54,Heilongjiang,0,12
55,Heilongjiang,0,12
56,Heilongjiang,0,12
57,Heilongjiang,0,12
58,Heilongjiang,0,12
59,Heilongjiang,0,12
60,Heilongjiang,0,12
61,Heilongjiang,0,12
62,Heilongjiang,0,12
63,Heilongjiang,0,12
64,Heilongjiang,0,12
65,Heilongjiang,0,12
66,Heilongjiang,0,12
67,Heilongjiang,0,12
68,Heilongjiang,0,12
69,Heilongjiang,0,12
70,Heilongjiang,0,12
71,Heilongjiang,0,12
72,Heilongjiang,0,12
73,Heilongjiang,0,12
74,Heilongjiang,0,12
75,Heilongjiang,0,12
76,Heilongjiang,0,12
77,Heilongjiang,0,12
78,Heilongjiang,0,12
79,Heilongjiang,0,12
80,Heilongjiang,0,12
81,Heilongjiang,0,12
82,Heilongjiang,1,12
83,Heilongjiang,2,12
84,Heilongjiang,6,12
85,Heilongjiang,6,12
86,Heilongjiang,6,12
87,Heilongjiang,9,12
88,Heilongjiang,7,12
89,Heilongjiang,6,12
90,Heilongjiang,16,12
91,Heilongjiang,21,12
92,Heilongjiang,15,12
93,Heilongjiang,23,12
94,Heilongjiang,39,12
95,Heilongjiang,35,12
96,Heilongjiang,37,12
97,Heilongjiang,37,12
98,Heilongjiang,19,12
99,Heilongjiang,26,12
100,Heilongjiang,24,12
101,Heilongjiang,29,12
102,Heilongjiang,18,12
103,Heilongjiang,17,12
104,Heilongjiang,23,12
105,Heilongjiang,7,12
106,Heilongjiang,20,12
107,Heilongjiang,12,12
108,Heilongjiang,7,12
109,Heilongjiang,6,12
110,Heilongjiang,6,12
111,Heilongjiang,3,12
112,Heilongjiang,0,12
113,Heilongjiang,1,12
114,Heilongjiang,0,12
115,Heilongjiang,0,12
116,Heilongjiang,0,12
117,Heilongjiang,0,12
118,Heilongjiang,0,12
119,Heilongjiang,0,12
120,Heilongjiang,0,12
121,Heilongjiang,0,12
122,Heilongjiang,0,12
123,Heilongjiang,0,12
0,Beijing,0,13
1,Beijing,0,13
2,Beijing,0,13
3,Beijing,0,13
4,Beijing,0,13
5,Beijing,0,13
6,Beijing,0,13
7,Beijing,0,13
8,Beijing,0,13
9,Beijing,0,13
10,Beijing,0,13
11,Beijing,0,13
12,Beijing,0,13
13,Beijing,0,13
14,Beijing,0,13
15,Beijing,0,13
16,Beijing,0,13
17,Beijing,0,13
18,Beijing,0,13
19,Beijing,0,13
20,Beijing,0,13
21,Beijing,0,13
22,Beijing,0,13
23,Beijing,0,13
24,Beijing,0,13
25,Beijing,0,13
26,Beijing,0,13
27,Beijing,0,13
28,Beijing,0,13
29,Beijing,0,13
30,Beijing,0,13
31,Beijing,0,13
32,Beijing,0,13
33,Beijing,0,13
34,Beijing,0,13
35,Beijing,0,13
36,Beijing,0,13
37,Beijing,0,13
38,Beijing,0,13
39,Beijing,0,13
40,Beijing,0,13
41,Beijing,0,13
42,Beijing,0,13
43,Beijing,0,13
44,Beijing,0,13
45,Beijing,0,13
46,Beijing,0,13
47,Beijing,0,13
48,Beijing,0,13
49,Beijing,0,13
50,Beijing,0,13
51,Beijing,0,13
52,Beijing,0,13
53,Beijing,0,13
54,Beijing,0,13
55,Beijing,0,13
56,Beijing,0,13
57,Beijing,0,13
58,Beijing,0,13
59,Beijing,0,13
60,Beijing,0,13
61,Beijing,0,13
62,Beijing,0,13
63,Beijing,0,13
64,Beijing,0,13
65,Beijing,0,13
66,Beijing,0,13
67,Beijing,0,13
68,Beijing,0,13
69,Beijing,0,13
70,Beijing,0,13
71,Beijing,0,13
72,Beijing,0,13
73,Beijing,0,13
74,Beijing,0,13
75,Beijing,0,13
76,Beijing,0,13
77,Beijing,0,13
78,Beijing,0,13
79,Beijing,0,13
80,Beijing,3,13
81,Beijing,5,13
82,Beijing,4,13
83,Beijing,12,13
84,Beijing,10,13
85,Beijing,15,13
86,Beijing,16,13
87,Beijing,13,13
88,Beijing,16,13
89,Beijing,16,13
90,Beijing,20,13
91,Beijing,24,13
92,Beijing,27,13
93,Beijing,32,13
94,Beijing,16,13
95,Beijing,25,13
96,Beijing,21,13
97,Beijing,21,13
98,Beijing,18,13
99,Beijing,11,13
100,Beijing,11,13
101,Beijing,5,13
102,Beijing,10,13
103,Beijing,14,13
104,Beijing,6,13
105,Beijing,3,13
106,Beijing,5,13
107,Beijing,1,13
108,Beijing,6,13
109,Beijing,6,13
110,Beijing,2,13
111,Beijing,1,13
112,Beijing,3,13
113,Beijing,0,13
114,Beijing,0,13
115,Beijing,1,13
116,Beijing,0,13
117,Beijing,10,13
118,Beijing,0,13
119,Beijing,1,13
120,Beijing,2,13
121,Beijing,1,13
122,Beijing,0,13
123,Beijing,3,13
0,Shanghai,0,14
1,Shanghai,0,14
2,Shanghai,0,14
3,Shanghai,0,14
4,Shanghai,0,14
5,Shanghai,0,14
6,Shanghai,0,14
7,Shanghai,0,14
8,Shanghai,0,14
9,Shanghai,0,14
10,Shanghai,0,14
11,Shanghai,0,14
12,Shanghai,0,14
13,Shanghai,0,14
14,Shanghai,0,14
15,Shanghai,0,14
16,Shanghai,0,14
17,Shanghai,0,14
18,Shanghai,0,14
19,Shanghai,0,14
20,Shanghai,0,14
21,Shanghai,0,14
22,Shanghai,0,14
23,Shanghai,0,14
24,Shanghai,0,14
25,Shanghai,0,14
26,Shanghai,0,14
27,Shanghai,0,14
28,Shanghai,0,14
29,Shanghai,0,14
30,Shanghai,0,14
31,Shanghai,0,14
32,Shanghai,0,14
33,Shanghai,0,14
34,Shanghai,0,14
35,Shanghai,0,14
36,Shanghai,0,14
37,Shanghai,0,14
38,Shanghai,0,14
39,Shanghai,0,14
40,Shanghai,0,14
41,Shanghai,0,14
42,Shanghai,0,14
43,Shanghai,0,14
44,Shanghai,0,14
45,Shanghai,0,14
46,Shanghai,0,14
47,Shanghai,0,14
48,Shanghai,0,14
49,Shanghai,0,14
50,Shanghai,0,14
51,Shanghai,0,14
52,Shanghai,0,14
53,Shanghai,0,14
54,Shanghai,0,14
55,Shanghai,0,14
56,Shanghai,0,14
57,Shanghai,0,14
58,Shanghai,0,14
59,Shanghai,0,14
60,Shanghai,0,14
61,Shanghai,0,14
62,Shanghai,0,14
63,Shanghai,0,14
64,Shanghai,0,14
65,Shanghai,0,14
66,Shanghai,0,14
67,Shanghai,0,14
68,Shanghai,0,14
69,Shanghai,0,14
70,Shanghai,0,14
71,Shanghai,0,14
72,Shanghai,0,14
73,Shanghai,0,14
74,Shanghai,0,14
75,Shanghai,0,14
76,Shanghai,0,14
77,Shanghai,0,14
78,Shanghai,0,14
79,Shanghai,0,14
80,Shanghai,2,14
81,Shanghai,7,14
82,Shanghai,7,14
83,Shanghai,4,14
84,Shanghai,13,14
85,Shanghai,7,14
86,Shanghai,13,14
87,Shanghai,13,14
88,Shanghai,14,14
89,Shanghai,21,14
90,Shanghai,27,14
91,Shanghai,25,14
92,Shanghai,24,14
93,Shanghai,16,14
94,Shanghai,15,14
95,Shanghai,25,14
96,Shanghai,21,14
97,Shanghai,21,14
98,Shanghai,12,14
99,Shanghai,11,14
100,Shanghai,3,14
101,Shanghai,7,14
102,Shanghai,4,14
103,Shanghai,7,14
104,Shanghai,5,14
105,Shanghai,8,14
106,Shanghai,2,14
107,Shanghai,3,14
108,Shanghai,2,14
109,Shanghai,0,14
110,Shanghai,0,14
111,Shanghai,1,14
112,Shanghai,0,14
113,Shanghai,1,14
114,Shanghai,0,14
115,Shanghai,0,14
116,Shanghai,1,14
117,Shanghai,1,14
118,Shanghai,0,14
119,Shanghai,0,14
120,Shanghai,0,14
121,Shanghai,0,14
122,Shanghai,1,14
123,Shanghai,0,14
0,Hebei,0,15
1,Hebei,0,15
2,Hebei,0,15
3,Hebei,0,15
4,Hebei,0,15
5,Hebei,0,15
6,Hebei,0,15
7,Hebei,0,15
8,Hebei,0,15
9,Hebei,0,15
10,Hebei,0,15
11,Hebei,0,15
12,Hebei,0,15
13,Hebei,0,15
14,Hebei,0,15
15,Hebei,0,15
16,Hebei,0,15
17,Hebei,0,15
18,Hebei,0,15
19,Hebei,0,15
20,Hebei,0,15
21,Hebei,0,15
22,Hebei,0,15
23,Hebei,0,15
24,Hebei,0,15
25,Hebei,0,15
26,Hebei,0,15
27,Hebei,0,15
28,Hebei,0,15
29,Hebei,0,15
30,Hebei,0,15
31,Hebei,0,15
32,Hebei,0,15
33,Hebei,0,15
34,Hebei,0,15
35,Hebei,0,15
36,Hebei,0,15
37,Hebei,0,15
38,Hebei,0,15
39,Hebei,0,15
40,Hebei,0,15
41,Hebei,0,15
42,Hebei,0,15
43,Hebei,0,15
44,Hebei,0,15
45,Hebei,0,15
46,Hebei,0,15
47,Hebei,0,15
48,Hebei,0,15
49,Hebei,0,15
50,Hebei,0,15
51,Hebei,0,15
52,Hebei,0,15
53,Hebei,0,15
54,Hebei,0,15
55,Hebei,0,15
56,Hebei,0,15
57,Hebei,0,15
58,Hebei,0,15
59,Hebei,0,15
60,Hebei,0,15
61,Hebei,0,15
62,Hebei,0,15
63,Hebei,0,15
64,Hebei,0,15
65,Hebei,0,15
66,Hebei,0,15
67,Hebei,0,15
68,Hebei,0,15
69,Hebei,0,15
70,Hebei,0,15
71,Hebei,0,15
72,Hebei,0,15
73,Hebei,0,15
74,Hebei,0,15
75,Hebei,0,15
76,Hebei,0,15
77,Hebei,0,15
78,Hebei,0,15
79,Hebei,0,15
80,Hebei,0,15
81,Hebei,0,15
82,Hebei,1,15
83,Hebei,1,15
84,Hebei,6,15
85,Hebei,5,15
86,Hebei,5,15
87,Hebei,15,15
88,Hebei,15,15
89,Hebei,17,15
90,Hebei,17,15
91,Hebei,14,15
92,Hebei,8,15
93,Hebei,9,15
94,Hebei,13,15
95,Hebei,9,15
96,Hebei,22,15
97,Hebei,22,15
98,Hebei,24,15
99,Hebei,11,15
100,Hebei,12,15
101,Hebei,21,15
102,Hebei,12,15
103,Hebei,14,15
104,Hebei,18,15
105,Hebei,8,15
106,Hebei,9,15
107,Hebei,1,15
108,Hebei,1,15
109,Hebei,4,15
110,Hebei,1,15
111,Hebei,1,15
112,Hebei,1,15
113,Hebei,2,15
114,Hebei,0,15
115,Hebei,0,15
116,Hebei,1,15
117,Hebei,5,15
118,Hebei,1,15
119,Hebei,0,15
120,Hebei,0,15
121,Hebei,0,15
122,Hebei,0,15
123,Hebei,0,15
0,Fujian,0,16
1,Fujian,0,16
2,Fujian,0,16
3,Fujian,0,16
4,Fujian,0,16
5,Fujian,0,16
6,Fujian,0,16
7,Fujian,0,16
8,Fujian,0,16
9,Fujian,0,16
10,Fujian,0,16
11,Fujian,0,16
12,Fujian,0,16
13,Fujian,0,16
14,Fujian,0,16
15,Fujian,0,16
16,Fujian,0,16
17,Fujian,0,16
18,Fujian,0,16
19,Fujian,0,16
20,Fujian,0,16
21,Fujian,0,16
22,Fujian,0,16
23,Fujian,0,16
24,Fujian,0,16
25,Fujian,0,16
26,Fujian,0,16
27,Fujian,0,16
28,Fujian,0,16
29,Fujian,0,16
30,Fujian,0,16
31,Fujian,0,16
32,Fujian,0,16
33,Fujian,0,16
34,Fujian,0,16
35,Fujian,0,16
36,Fujian,0,16
37,Fujian,0,16
38,Fujian,0,16
39,Fujian,0,16
40,Fujian,0,16
41,Fujian,0,16
42,Fujian,0,16
43,Fujian,0,16
44,Fujian,0,16
45,Fujian,0,16
46,Fujian,0,16
47,Fujian,0,16
48,Fujian,0,16
49,Fujian,0,16
50,Fujian,0,16
51,Fujian,0,16
52,Fujian,0,16
53,Fujian,0,16
54,Fujian,0,16
55,Fujian,0,16
56,Fujian,0,16
57,Fujian,0,16
58,Fujian,0,16
59,Fujian,0,16
60,Fujian,0,16
61,Fujian,0,16
62,Fujian,0,16
63,Fujian,0,16
64,Fujian,0,16
65,Fujian,0,16
66,Fujian,0,16
67,Fujian,0,16
68,Fujian,0,16
69,Fujian,0,16
70,Fujian,0,16
71,Fujian,0,16
72,Fujian,0,16
73,Fujian,0,16
74,Fujian,0,16
75,Fujian,0,16
76,Fujian,0,16
77,Fujian,0,16
78,Fujian,0,16
79,Fujian,0,16
80,Fujian,0,16
81,Fujian,0,16
82,Fujian,1,16
83,Fujian,4,16
84,Fujian,5,16
85,Fujian,8,16
86,Fujian,17,16
87,Fujian,24,16
88,Fujian,23,16
89,Fujian,19,16
90,Fujian,19,16
91,Fujian,24,16
92,Fujian,15,16
93,Fujian,20,16
94,Fujian,15,16
95,Fujian,11,16
96,Fujian,10,16
97,Fujian,10,16
98,Fujian,15,16
99,Fujian,11,16
100,Fujian,11,16
101,Fujian,6,16
102,Fujian,5,16
103,Fujian,7,16
104,Fujian,2,16
105,Fujian,4,16
106,Fujian,2,16
107,Fujian,3,16
108,Fujian,2,16
109,Fujian,1,16
110,Fujian,0,16
111,Fujian,0,16
112,Fujian,0,16
113,Fujian,0,16
114,Fujian,0,16
115,Fujian,1,16
116,Fujian,0,16
117,Fujian,2,16
118,Fujian,0,16
119,Fujian,0,16
120,Fujian,0,16
121,Fujian,0,16
122,Fujian,0,16
123,Fujian,0,16
0,Guangxi,0,17
1,Guangxi,0,17
2,Guangxi,0,17
3,Guangxi,0,17
4,Guangxi,0,17
5,Guangxi,0,17
6,Guangxi,0,17
7,Guangxi,0,17
8,Guangxi,0,17
9,Guangxi,0,17
10,Guangxi,0,17
11,Guangxi,0,17
12,Guangxi,0,17
13,Guangxi,0,17
14,Guangxi,0,17
15,Guangxi,0,17
16,Guangxi,0,17
17,Guangxi,0,17
18,Guangxi,0,17
19,Guangxi,0,17
20,Guangxi,0,17
21,Guangxi,0,17
22,Guangxi,0,17
23,Guangxi,0,17
24,Guangxi,0,17
25,Guangxi,0,17
26,Guangxi,0,17
27,Guangxi,0,17
28,Guangxi,0,17
29,Guangxi,0,17
30,Guangxi,0,17
31,Guangxi,0,17
32,Guangxi,0,17
33,Guangxi,0,17
34,Guangxi,0,17
35,Guangxi,0,17
36,Guangxi,0,17
37,Guangxi,0,17
38,Guangxi,0,17
39,Guangxi,0,17
40,Guangxi,0,17
41,Guangxi,0,17
42,Guangxi,0,17
43,Guangxi,0,17
44,Guangxi,0,17
45,Guangxi,0,17
46,Guangxi,0,17
47,Guangxi,0,17
48,Guangxi,0,17
49,Guangxi,0,17
50,Guangxi,0,17
51,Guangxi,0,17
52,Guangxi,0,17
53,Guangxi,0,17
54,Guangxi,0,17
55,Guangxi,0,17
56,Guangxi,0,17
57,Guangxi,0,17
58,Guangxi,0,17
59,Guangxi,0,17
60,Guangxi,0,17
61,Guangxi,0,17
62,Guangxi,0,17
63,Guangxi,0,17
64,Guangxi,0,17
65,Guangxi,0,17
66,Guangxi,0,17
67,Guangxi,0,17
68,Guangxi,0,17
69,Guangxi,0,17
70,Guangxi,0,17
71,Guangxi,0,17
72,Guangxi,0,17
73,Guangxi,0,17
74,Guangxi,0,17
75,Guangxi,0,17
76,Guangxi,0,17
77,Guangxi,0,17
78,Guangxi,0,17
79,Guangxi,0,17
80,Guangxi,0,17
81,Guangxi,0,17
82,Guangxi,5,17
83,Guangxi,8,17
84,Guangxi,10,17
85,Guangxi,10,17
86,Guangxi,13,17
87,Guangxi,5,17
88,Guangxi,7,17
89,Guangxi,20,17
90,Guangxi,9,17
91,Guangxi,13,17
92,Guangxi,11,17
93,Guangxi,16,17
94,Guangxi,12,17
95,Guangxi,11,17
96,Guangxi,18,17
97,Guangxi,18,17
98,Guangxi,11,17
99,Guangxi,12,17
100,Guangxi,15,17
101,Guangxi,5,17
102,Guangxi,7,17
103,Guangxi,0,17
104,Guangxi,4,17
105,Guangxi,9,17
106,Guangxi,2,17
107,Guangxi,1,17
108,Guangxi,4,17
109,Guangxi,2,17
110,Guangxi,1,17
111,Guangxi,1,17
112,Guangxi,3,17
113,Guangxi,0,17
114,Guangxi,2,17
115,Guangxi,1,17
116,Guangxi,0,17
117,Guangxi,0,17
118,Guangxi,0,17
119,Guangxi,0,17
120,Guangxi,0,17
121,Guangxi,0,17
122,Guangxi,0,17
123,Guangxi,0,17
0,Shaanxi,0,18
1,Shaanxi,0,18
2,Shaanxi,0,18
3,Shaanxi,0,18
4,Shaanxi,0,18
5,Shaanxi,0,18
6,Shaanxi,0,18
7,Shaanxi,0,18
8,Shaanxi,0,18
9,Shaanxi,0,18
10,Shaanxi,0,18
11,Shaanxi,0,18
12,Shaanxi,0,18
13,Shaanxi,0,18
14,Shaanxi,0,18
15,Shaanxi,0,18
16,Shaanxi,0,18
17,Shaanxi,0,18
18,Shaanxi,0,18
19,Shaanxi,0,18
20,Shaanxi,0,18
21,Shaanxi,0,18
22,Shaanxi,0,18
23,Shaanxi,0,18
24,Shaanxi,0,18
25,Shaanxi,0,18
26,Shaanxi,0,18
27,Shaanxi,0,18
28,Shaanxi,0,18
29,Shaanxi,0,18
30,Shaanxi,0,18
31,Shaanxi,0,18
32,Shaanxi,0,18
33,Shaanxi,0,18
34,Shaanxi,0,18
35,Shaanxi,0,18
36,Shaanxi,0,18
37,Shaanxi,0,18
38,Shaanxi,0,18
39,Shaanxi,0,18
40,Shaanxi,0,18
41,Shaanxi,0,18
42,Shaanxi,0,18
43,Shaanxi,0,18
44,Shaanxi,0,18
45,Shaanxi,0,18
46,Shaanxi,0,18
47,Shaanxi,0,18
48,Shaanxi,0,18
49,Shaanxi,0,18
50,Shaanxi,0,18
51,Shaanxi,0,18
52,Shaanxi,0,18
53,Shaanxi,0,18
54,Shaanxi,0,18
55,Shaanxi,0,18
56,Shaanxi,0,18
57,Shaanxi,0,18
58,Shaanxi,0,18
59,Shaanxi,0,18
60,Shaanxi,0,18
61,Shaanxi,0,18
62,Shaanxi,0,18
63,Shaanxi,0,18
64,Shaanxi,0,18
65,Shaanxi,0,18
66,Shaanxi,0,18
67,Shaanxi,0,18
68,Shaanxi,0,18
69,Shaanxi,0,18
70,Shaanxi,0,18
71,Shaanxi,0,18
72,Shaanxi,0,18
73,Shaanxi,0,18
74,Shaanxi,0,18
75,Shaanxi,0,18
76,Shaanxi,0,18
77,Shaanxi,0,18
78,Shaanxi,0,18
79,Shaanxi,0,18
80,Shaanxi,0,18
81,Shaanxi,0,18
82,Shaanxi,0,18
83,Shaanxi,3,18
84,Shaanxi,2,18
85,Shaanxi,10,18
86,Shaanxi,7,18
87,Shaanxi,13,18
88,Shaanxi,11,18
89,Shaanxi,17,18
90,Shaanxi,24,18
91,Shaanxi,15,18
92,Shaanxi,15,18
93,Shaanxi,12,18
94,Shaanxi,14,18
95,Shaanxi,23,18
96,Shaanxi,8,18
97,Shaanxi,8,18
98,Shaanxi,11,18
99,Shaanxi,13,18
100,Shaanxi,5,18
101,Shaanxi,6,18
102,Shaanxi,6,18
103,Shaanxi,4,18
104,Shaanxi,1,18
105,Shaanxi,2,18
106,Shaanxi,4,18
107,Shaanxi,4,18
108,Shaanxi,0,18
109,Shaanxi,2,18
110,Shaanxi,3,18
111,Shaanxi,0,18
112,Shaanxi,0,18
113,Shaanxi,0,18
114,Shaanxi,0,18
115,Shaanxi,0,18
116,Shaanxi,0,18
117,Shaanxi,0,18
118,Shaanxi,0,18
119,Shaanxi,0,18
120,Shaanxi,0,18
121,Shaanxi,0,18
122,Shaanxi,0,18
123,Shaanxi,0,18
0,Yunnan,0,19
1,Yunnan,0,19
2,Yunnan,0,19
3,Yunnan,0,19
4,Yunnan,0,19
5,Yunnan,0,19
6,Yunnan,0,19
7,Yunnan,0,19
8,Yunnan,0,19
9,Yunnan,0,19
10,Yunnan,0,19
11,Yunnan,0,19
12,Yunnan,0,19
13,Yunnan,0,19
14,Yunnan,0,19
15,Yunnan,0,19
16,Yunnan,0,19
17,Yunnan,0,19
18,Yunnan,0,19
19,Yunnan,0,19
20,Yunnan,0,19
21,Yunnan,0,19
22,Yunnan,0,19
23,Yunnan,0,19
24,Yunnan,0,19
25,Yunnan,0,19
26,Yunnan,0,19
27,Yunnan,0,19
28,Yunnan,0,19
29,Yunnan,0,19
30,Yunnan,0,19
31,Yunnan,0,19
32,Yunnan,0,19
33,Yunnan,0,19
34,Yunnan,0,19
35,Yunnan,0,19
36,Yunnan,0,19
37,Yunnan,0,19
38,Yunnan,0,19
39,Yunnan,0,19
40,Yunnan,0,19
41,Yunnan,0,19
42,Yunnan,0,19
43,Yunnan,0,19
44,Yunnan,0,19
45,Yunnan,0,19
46,Yunnan,0,19
47,Yunnan,0,19
48,Yunnan,0,19
49,Yunnan,0,19
50,Yunnan,0,19
51,Yunnan,0,19
52,Yunnan,0,19
53,Yunnan,0,19
54,Yunnan,0,19
55,Yunnan,0,19
56,Yunnan,0,19
57,Yunnan,0,19
58,Yunnan,0,19
59,Yunnan,0,19
60,Yunnan,0,19
61,Yunnan,0,19
62,Yunnan,0,19
63,Yunnan,0,19
64,Yunnan,0,19
65,Yunnan,0,19
66,Yunnan,0,19
67,Yunnan,0,19
68,Yunnan,0,19
69,Yunnan,0,19
70,Yunnan,0,19
71,Yunnan,0,19
72,Yunnan,0,19
73,Yunnan,0,19
74,Yunnan,0,19
75,Yunnan,0,19
76,Yunnan,0,19
77,Yunnan,0,19
78,Yunnan,0,19
79,Yunnan,0,19
80,Yunnan,0,19
81,Yunnan,1,19
82,Yunnan,0,19
83,Yunnan,1,19
84,Yunnan,3,19
85,Yunnan,6,19
86,Yunnan,10,19
87,Yunnan,11,19
88,Yunnan,19,19
89,Yunnan,19,19
90,Yunnan,10,19
91,Yunnan,11,19
92,Yunnan,8,19
93,Yunnan,10,19
94,Yunnan,8,19
95,Yunnan,5,19
96,Yunnan,6,19
97,Yunnan,6,19
98,Yunnan,3,19
99,Yunnan,2,19
100,Yunnan,1,19
101,Yunnan,8,19
102,Yunnan,5,19
103,Yunnan,1,19
104,Yunnan,7,19
105,Yunnan,6,19
106,Yunnan,1,19
107,Yunnan,2,19
108,Yunnan,1,19
109,Yunnan,1,19
110,Yunnan,0,19
111,Yunnan,2,19
112,Yunnan,0,19
113,Yunnan,0,19
114,Yunnan,0,19
115,Yunnan,0,19
116,Yunnan,0,19
117,Yunnan,0,19
118,Yunnan,0,19
119,Yunnan,0,19
120,Yunnan,0,19
121,Yunnan,0,19
122,Yunnan,0,19
123,Yunnan,0,19
0,Hainan,0,20
1,Hainan,0,20
2,Hainan,0,20
3,Hainan,0,20
4,Hainan,0,20
5,Hainan,0,20
6,Hainan,0,20
7,Hainan,0,20
8,Hainan,0,20
9,Hainan,0,20
10,Hainan,0,20
11,Hainan,0,20
12,Hainan,0,20
13,Hainan,0,20
14,Hainan,0,20
15,Hainan,0,20
16,Hainan,0,20
17,Hainan,0,20
18,Hainan,0,20
19,Hainan,0,20
20,Hainan,0,20
21,Hainan,0,20
22,Hainan,0,20
23,Hainan,0,20
24,Hainan,0,20
25,Hainan,0,20
26,Hainan,0,20
27,Hainan,0,20
28,Hainan,0,20
29,Hainan,0,20
30,Hainan,0,20
31,Hainan,0,20
32,Hainan,0,20
33,Hainan,0,20
34,Hainan,0,20
35,Hainan,0,20
36,Hainan,0,20
37,Hainan,0,20
38,Hainan,0,20
39,Hainan,0,20
40,Hainan,0,20
41,Hainan,0,20
42,Hainan,0,20
43,Hainan,0,20
44,Hainan,0,20
45,Hainan,0,20
46,Hainan,0,20
47,Hainan,0,20
48,Hainan,0,20
49,Hainan,0,20
50,Hainan,0,20
51,Hainan,0,20
52,Hainan,0,20
53,Hainan,0,20
54,Hainan,0,20
55,Hainan,0,20
56,Hainan,0,20
57,Hainan,0,20
58,Hainan,0,20
59,Hainan,0,20
60,Hainan,0,20
61,Hainan,0,20
62,Hainan,0,20
63,Hainan,0,20
64,Hainan,0,20
65,Hainan,0,20
66,Hainan,0,20
67,Hainan,0,20
68,Hainan,0,20
69,Hainan,0,20
70,Hainan,0,20
71,Hainan,0,20
72,Hainan,0,20
73,Hainan,0,20
74,Hainan,0,20
75,Hainan,0,20
76,Hainan,0,20
77,Hainan,0,20
78,Hainan,0,20
79,Hainan,0,20
80,Hainan,0,20
81,Hainan,0,20
82,Hainan,4,20
83,Hainan,1,20
84,Hainan,5,20
85,Hainan,10,20
86,Hainan,7,20
87,Hainan,11,20
88,Hainan,5,20
89,Hainan,3,20
90,Hainan,3,20
91,Hainan,8,20
92,Hainan,6,20
93,Hainan,7,20
94,Hainan,9,20
95,Hainan,11,20
96,Hainan,11,20
97,Hainan,11,20
98,Hainan,12,20
99,Hainan,6,20
100,Hainan,8,20
101,Hainan,6,20
102,Hainan,3,20
103,Hainan,12,20
104,Hainan,0,20
105,Hainan,5,20
106,Hainan,0,20
107,Hainan,0,20
108,Hainan,1,20
109,Hainan,0,20
110,Hainan,5,20
111,Hainan,0,20
112,Hainan,0,20
113,Hainan,0,20
114,Hainan,0,20
115,Hainan,0,20
116,Hainan,0,20
117,Hainan,0,20
118,Hainan,0,20
119,Hainan,0,20
120,Hainan,0,20
121,Hainan,0,20
122,Hainan,0,20
123,Hainan,0,20
0,Guizhou,0,21
1,Guizhou,0,21
2,Guizhou,0,21
3,Guizhou,0,21
4,Guizhou,0,21
5,Guizhou,0,21
6,Guizhou,0,21
7,Guizhou,0,21
8,Guizhou,0,21
9,Guizhou,0,21
10,Guizhou,0,21
11,Guizhou,0,21
12,Guizhou,0,21
13,Guizhou,0,21
14,Guizhou,0,21
15,Guizhou,0,21
16,Guizhou,0,21
17,Guizhou,0,21
18,Guizhou,0,21
19,Guizhou,0,21
20,Guizhou,0,21
21,Guizhou,0,21
22,Guizhou,0,21
23,Guizhou,0,21
24,Guizhou,0,21
25,Guizhou,0,21
26,Guizhou,0,21
27,Guizhou,0,21
28,Guizhou,0,21
29,Guizhou,0,21
30,Guizhou,0,21
31,Guizhou,0,21
32,Guizhou,0,21
33,Guizhou,0,21
34,Guizhou,0,21
35,Guizhou,0,21
36,Guizhou,0,21
37,Guizhou,0,21
38,Guizhou,0,21
39,Guizhou,0,21
40,Guizhou,0,21
41,Guizhou,0,21
42,Guizhou,0,21
43,Guizhou,0,21
44,Guizhou,0,21
45,Guizhou,0,21
46,Guizhou,0,21
47,Guizhou,0,21
48,Guizhou,0,21
49,Guizhou,0,21
50,Guizhou,0,21
51,Guizhou,0,21
52,Guizhou,0,21
53,Guizhou,0,21
54,Guizhou,0,21
55,Guizhou,0,21
56,Guizhou,0,21
57,Guizhou,0,21
58,Guizhou,0,21
59,Guizhou,0,21
60,Guizhou,0,21
61,Guizhou,0,21
62,Guizhou,0,21
63,Guizhou,0,21
64,Guizhou,0,21
65,Guizhou,0,21
66,Guizhou,0,21
67,Guizhou,0,21
68,Guizhou,0,21
69,Guizhou,0,21
70,Guizhou,0,21
71,Guizhou,0,21
72,Guizhou,0,21
73,Guizhou,0,21
74,Guizhou,0,21
75,Guizhou,0,21
76,Guizhou,0,21
77,Guizhou,0,21
78,Guizhou,0,21
79,Guizhou,0,21
80,Guizhou,0,21
81,Guizhou,0,21
82,Guizhou,3,21
83,Guizhou,0,21
84,Guizhou,1,21
85,Guizhou,1,21
86,Guizhou,2,21
87,Guizhou,2,21
88,Guizhou,0,21
89,Guizhou,3,21
90,Guizhou,3,21
91,Guizhou,14,21
92,Guizhou,9,21
93,Guizhou,8,21
94,Guizhou,10,21
95,Guizhou,8,21
96,Guizhou,5,21
97,Guizhou,5,21
98,Guizhou,12,21
99,Guizhou,7,21
100,Guizhou,13,21
101,Guizhou,9,21
102,Guizhou,13,21
103,Guizhou,4,21
104,Guizhou,5,21
105,Guizhou,3,21
106,Guizhou,1,21
107,Guizhou,2,21
108,Guizhou,0,21
109,Guizhou,0,21
110,Guizhou,0,21
111,Guizhou,0,21
112,Guizhou,0,21
113,Guizhou,0,21
114,Guizhou,0,21
115,Guizhou,0,21
116,Guizhou,0,21
117,Guizhou,0,21
118,Guizhou,0,21
119,Guizhou,0,21
120,Guizhou,0,21
121,Guizhou,0,21
122,Guizhou,0,21
123,Guizhou,0,21
0,Tianjin,0,22
1,Tianjin,0,22
2,Tianjin,0,22
3,Tianjin,0,22
4,Tianjin,0,22
5,Tianjin,0,22
6,Tianjin,0,22
7,Tianjin,0,22
8,Tianjin,0,22
9,Tianjin,0,22
10,Tianjin,0,22
11,Tianjin,0,22
12,Tianjin,0,22
13,Tianjin,0,22
14,Tianjin,0,22
15,Tianjin,0,22
16,Tianjin,0,22
17,Tianjin,0,22
18,Tianjin,0,22
19,Tianjin,0,22
20,Tianjin,0,22
21,Tianjin,0,22
22,Tianjin,0,22
23,Tianjin,0,22
24,Tianjin,0,22
25,Tianjin,0,22
26,Tianjin,0,22
27,Tianjin,0,22
28,Tianjin,0,22
29,Tianjin,0,22
30,Tianjin,0,22
31,Tianjin,0,22
32,Tianjin,0,22
33,Tianjin,0,22
34,Tianjin,0,22
35,Tianjin,0,22
36,Tianjin,0,22
37,Tianjin,0,22
38,Tianjin,0,22
39,Tianjin,0,22
40,Tianjin,0,22
41,Tianjin,0,22
42,Tianjin,0,22
43,Tianjin,0,22
44,Tianjin,0,22
45,Tianjin,0,22
46,Tianjin,0,22
47,Tianjin,0,22
48,Tianjin,0,22
49,Tianjin,0,22
50,Tianjin,0,22
51,Tianjin,0,22
52,Tianjin,0,22
53,Tianjin,0,22
54,Tianjin,0,22
55,Tianjin,0,22
56,Tianjin,0,22
57,Tianjin,0,22
58,Tianjin,0,22
59,Tianjin,0,22
60,Tianjin,0,22
61,Tianjin,0,22
62,Tianjin,0,22
63,Tianjin,0,22
64,Tianjin,0,22
65,Tianjin,0,22
66,Tianjin,0,22
67,Tianjin,0,22
68,Tianjin,0,22
69,Tianjin,0,22
70,Tianjin,0,22
71,Tianjin,0,22
72,Tianjin,0,22
73,Tianjin,0,22
74,Tianjin,0,22
75,Tianjin,0,22
76,Tianjin,0,22
77,Tianjin,0,22
78,Tianjin,0,22
79,Tianjin,0,22
80,Tianjin,0,22
81,Tianjin,2,22
82,Tianjin,2,22
83,Tianjin,1,22
84,Tianjin,3,22
85,Tianjin,2,22
86,Tianjin,5,22
87,Tianjin,8,22
88,Tianjin,2,22
89,Tianjin,2,22
90,Tianjin,5,22
91,Tianjin,2,22
92,Tianjin,11,22
93,Tianjin,4,22
94,Tianjin,14,22
95,Tianjin,4,22
96,Tianjin,3,22
97,Tianjin,3,22
98,Tianjin,2,22
99,Tianjin,7,22
100,Tianjin,3,22
101,Tianjin,5,22
102,Tianjin,10,22
103,Tianjin,6,22
104,Tianjin,7,22
105,Tianjin,1,22
106,Tianjin,2,22
107,Tianjin,2,22
108,Tianjin,1,22
109,Tianjin,3,22
110,Tianjin,2,22
111,Tianjin,1,22
112,Tianjin,2,22
113,Tianjin,2,22
114,Tianjin,0,22
115,Tianjin,0,22
116,Tianjin,0,22
117,Tianjin,0,22
118,Tianjin,1,22
119,Tianjin,0,22
120,Tianjin,0,22
121,Tianjin,0,22
122,Tianjin,0,22
123,Tianjin,0,22
0,Shanxi,0,23
1,Shanxi,0,23
2,Shanxi,0,23
3,Shanxi,0,23
4,Shanxi,0,23
5,Shanxi,0,23
6,Shanxi,0,23
7,Shanxi,0,23
8,Shanxi,0,23
9,Shanxi,0,23
10,Shanxi,0,23
11,Shanxi,0,23
12,Shanxi,0,23
13,Shanxi,0,23
14,Shanxi,0,23
15,Shanxi,0,23
16,Shanxi,0,23
17,Shanxi,0,23
18,Shanxi,0,23
19,Shanxi,0,23
20,Shanxi,0,23
21,Shanxi,0,23
22,Shanxi,0,23
23,Shanxi,0,23
24,Shanxi,0,23
25,Shanxi,0,23
26,Shanxi,0,23
27,Shanxi,0,23
28,Shanxi,0,23
29,Shanxi,0,23
30,Shanxi,0,23
31,Shanxi,0,23
32,Shanxi,0,23
33,Shanxi,0,23
34,Shanxi,0,23
35,Shanxi,0,23
36,Shanxi,0,23
37,Shanxi,0,23
38,Shanxi,0,23
39,Shanxi,0,23
40,Shanxi,0,23
41,Shanxi,0,23
42,Shanxi,0,23
43,Shanxi,0,23
44,Shanxi,0,23
45,Shanxi,0,23
46,Shanxi,0,23
47,Shanxi,0,23
48,Shanxi,0,23
49,Shanxi,0,23
50,Shanxi,0,23
51,Shanxi,0,23
52,Shanxi,0,23
53,Shanxi,0,23
54,Shanxi,0,23
55,Shanxi,0,23
56,Shanxi,0,23
57,Shanxi,0,23
58,Shanxi,0,23
59,Shanxi,0,23
60,Shanxi,0,23
61,Shanxi,0,23
62,Shanxi,0,23
63,Shanxi,0,23
64,Shanxi,0,23
65,Shanxi,0,23
66,Shanxi,0,23
67,Shanxi,0,23
68,Shanxi,0,23
69,Shanxi,0,23
70,Shanxi,0,23
71,Shanxi,0,23
72,Shanxi,0,23
73,Shanxi,0,23
74,Shanxi,0,23
75,Shanxi,0,23
76,Shanxi,0,23
77,Shanxi,0,23
78,Shanxi,0,23
79,Shanxi,0,23
80,Shanxi,0,23
81,Shanxi,0,23
82,Shanxi,1,23
83,Shanxi,0,23
84,Shanxi,5,23
85,Shanxi,3,23
86,Shanxi,4,23
87,Shanxi,7,23
88,Shanxi,7,23
89,Shanxi,8,23
90,Shanxi,4,23
91,Shanxi,8,23
92,Shanxi,9,23
93,Shanxi,10,23
94,Shanxi,8,23
95,Shanxi,7,23
96,Shanxi,9,23
97,Shanxi,9,23
98,Shanxi,8,23
99,Shanxi,12,23
100,Shanxi,4,23
101,Shanxi,3,23
102,Shanxi,2,23
103,Shanxi,2,23
104,Shanxi,0,23
105,Shanxi,1,23
106,Shanxi,1,23
107,Shanxi,1,23
108,Shanxi,1,23
109,Shanxi,1,23
110,Shanxi,0,23
111,Shanxi,1,23
112,Shanxi,0,23
113,Shanxi,0,23
114,Shanxi,0,23
115,Shanxi,1,23
116,Shanxi,0,23
117,Shanxi,0,23
118,Shanxi,0,23
119,Shanxi,0,23
120,Shanxi,0,23
121,Shanxi,0,23
122,Shanxi,0,23
123,Shanxi,0,23
0,Liaoning,0,24
1,Liaoning,0,24
2,Liaoning,0,24
3,Liaoning,0,24
4,Liaoning,0,24
5,Liaoning,0,24
6,Liaoning,0,24
7,Liaoning,0,24
8,Liaoning,0,24
9,Liaoning,0,24
10,Liaoning,0,24
11,Liaoning,0,24
12,Liaoning,0,24
13,Liaoning,0,24
14,Liaoning,0,24
15,Liaoning,0,24
16,Liaoning,0,24
17,Liaoning,0,24
18,Liaoning,0,24
19,Liaoning,0,24
20,Liaoning,0,24
21,Liaoning,0,24
22,Liaoning,0,24
23,Liaoning,0,24
24,Liaoning,0,24
25,Liaoning,0,24
26,Liaoning,0,24
27,Liaoning,0,24
28,Liaoning,0,24
29,Liaoning,0,24
30,Liaoning,0,24
31,Liaoning,0,24
32,Liaoning,0,24
33,Liaoning,0,24
34,Liaoning,0,24
35,Liaoning,0,24
36,Liaoning,0,24
37,Liaoning,0,24
38,Liaoning,0,24
39,Liaoning,0,24
40,Liaoning,0,24
41,Liaoning,0,24
42,Liaoning,0,24
43,Liaoning,0,24
44,Liaoning,0,24
45,Liaoning,0,24
46,Liaoning,0,24
47,Liaoning,0,24
48,Liaoning,0,24
49,Liaoning,0,24
50,Liaoning,0,24
51,Liaoning,0,24
52,Liaoning,0,24
53,Liaoning,0,24
54,Liaoning,0,24
55,Liaoning,0,24
56,Liaoning,0,24
57,Liaoning,0,24
58,Liaoning,0,24
59,Liaoning,0,24
60,Liaoning,0,24
61,Liaoning,0,24
62,Liaoning,0,24
63,Liaoning,0,24
64,Liaoning,0,24
65,Liaoning,0,24
66,Liaoning,0,24
67,Liaoning,0,24
68,Liaoning,0,24
69,Liaoning,0,24
70,Liaoning,0,24
71,Liaoning,0,24
72,Liaoning,0,24
73,Liaoning,0,24
74,Liaoning,0,24
75,Liaoning,0,24
76,Liaoning,0,24
77,Liaoning,0,24
78,Liaoning,0,24
79,Liaoning,0,24
80,Liaoning,0,24
81,Liaoning,0,24
82,Liaoning,2,24
83,Liaoning,2,24
84,Liaoning,8,24
85,Liaoning,5,24
86,Liaoning,5,24
87,Liaoning,5,24
88,Liaoning,9,24
89,Liaoning,3,24
90,Liaoning,6,24
91,Liaoning,15,24
92,Liaoning,4,24
93,Liaoning,6,24
94,Liaoning,4,24
95,Liaoning,7,24
96,Liaoning,8,24
97,Liaoning,8,24
98,Liaoning,5,24
99,Liaoning,6,24
100,Liaoning,2,24
101,Liaoning,1,24
102,Liaoning,3,24
103,Liaoning,5,24
104,Liaoning,1,24
105,Liaoning,2,24
106,Liaoning,1,24
107,Liaoning,1,24
108,Liaoning,0,24
109,Liaoning,0,24
110,Liaoning,0,24
111,Liaoning,0,24
112,Liaoning,0,24
113,Liaoning,0,24
114,Liaoning,0,24
115,Liaoning,0,24
116,Liaoning,0,24
117,Liaoning,0,24
118,Liaoning,0,24
119,Liaoning,0,24
120,Liaoning,1,24
121,Liaoning,0,24
122,Liaoning,3,24
123,Liaoning,0,24
0,Jilin,0,25
1,Jilin,0,25
2,Jilin,0,25
3,Jilin,0,25
4,Jilin,0,25
5,Jilin,0,25
6,Jilin,0,25
7,Jilin,0,25
8,Jilin,0,25
9,Jilin,0,25
10,Jilin,0,25
11,Jilin,0,25
12,Jilin,0,25
13,Jilin,0,25
14,Jilin,0,25
15,Jilin,0,25
16,Jilin,0,25
17,Jilin,0,25
18,Jilin,0,25
19,Jilin,0,25
20,Jilin,0,25
21,Jilin,0,25
22,Jilin,0,25
23,Jilin,0,25
24,Jilin,0,25
25,Jilin,0,25
26,Jilin,0,25
27,Jilin,0,25
28,Jilin,0,25
29,Jilin,0,25
30,Jilin,0,25
31,Jilin,0,25
32,Jilin,0,25
33,Jilin,0,25
34,Jilin,0,25
35,Jilin,0,25
36,Jilin,0,25
37,Jilin,0,25
38,Jilin,0,25
39,Jilin,0,25
40,Jilin,0,25
41,Jilin,0,25
42,Jilin,0,25
43,Jilin,0,25
44,Jilin,0,25
45,Jilin,0,25
46,Jilin,0,25
47,Jilin,0,25
48,Jilin,0,25
49,Jilin,0,25
50,Jilin,0,25
51,Jilin,0,25
52,Jilin,0,25
53,Jilin,0,25
54,Jilin,0,25
55,Jilin,0,25
56,Jilin,0,25
57,Jilin,0,25
58,Jilin,0,25
59,Jilin,0,25
60,Jilin,0,25
61,Jilin,0,25
62,Jilin,0,25
63,Jilin,0,25
64,Jilin,0,25
65,Jilin,0,25
66,Jilin,0,25
67,Jilin,0,25
68,Jilin,0,25
69,Jilin,0,25
70,Jilin,0,25
71,Jilin,0,25
72,Jilin,0,25
73,Jilin,0,25
74,Jilin,0,25
75,Jilin,0,25
76,Jilin,0,25
77,Jilin,0,25
78,Jilin,0,25
79,Jilin,0,25
80,Jilin,0,25
81,Jilin,0,25
82,Jilin,1,25
83,Jilin,2,25
84,Jilin,1,25
85,Jilin,0,25
86,Jilin,2,25
87,Jilin,2,25
88,Jilin,1,25
89,Jilin,5,25
90,Jilin,0,25
91,Jilin,3,25
92,Jilin,6,25
93,Jilin,8,25
94,Jilin,11,25
95,Jilin,12,25
96,Jilin,5,25
97,Jilin,5,25
98,Jilin,4,25
99,Jilin,9,25
100,Jilin,2,25
101,Jilin,1,25
102,Jilin,2,25
103,Jilin,1,25
104,Jilin,2,25
105,Jilin,2,25
106,Jilin,1,25
107,Jilin,0,25
108,Jilin,0,25
109,Jilin,1,25
110,Jilin,1,25
111,Jilin,0,25
112,Jilin,0,25
113,Jilin,0,25
114,Jilin,2,25
115,Jilin,0,25
116,Jilin,0,25
117,Jilin,0,25
118,Jilin,0,25
119,Jilin,0,25
120,Jilin,0,25
121,Jilin,0,25
122,Jilin,0,25
123,Jilin,0,25
0,Gansu,0,26
1,Gansu,0,26
2,Gansu,0,26
3,Gansu,0,26
4,Gansu,0,26
5,Gansu,0,26
6,Gansu,0,26
7,Gansu,0,26
8,Gansu,0,26
9,Gansu,0,26
10,Gansu,0,26
11,Gansu,0,26
12,Gansu,0,26
13,Gansu,0,26
14,Gansu,0,26
15,Gansu,0,26
16,Gansu,0,26
17,Gansu,0,26
18,Gansu,0,26
19,Gansu,0,26
20,Gansu,0,26
21,Gansu,0,26
22,Gansu,0,26
23,Gansu,0,26
24,Gansu,0,26
25,Gansu,0,26
26,Gansu,0,26
27,Gansu,0,26
28,Gansu,0,26
29,Gansu,0,26
30,Gansu,0,26
31,Gansu,0,26
32,Gansu,0,26
33,Gansu,0,26
34,Gansu,0,26
35,Gansu,0,26
36,Gansu,0,26
37,Gansu,0,26
38,Gansu,0,26
39,Gansu,0,26
40,Gansu,0,26
41,Gansu,0,26
42,Gansu,0,26
43,Gansu,0,26
44,Gansu,0,26
45,Gansu,0,26
46,Gansu,0,26
47,Gansu,0,26
48,Gansu,0,26
49,Gansu,0,26
50,Gansu,0,26
51,Gansu,0,26
52,Gansu,0,26
53,Gansu,0,26
54,Gansu,0,26
55,Gansu,0,26
56,Gansu,0,26
57,Gansu,0,26
58,Gansu,0,26
59,Gansu,0,26
60,Gansu,0,26
61,Gansu,0,26
62,Gansu,0,26
63,Gansu,0,26
64,Gansu,0,26
65,Gansu,0,26
66,Gansu,0,26
67,Gansu,0,26
68,Gansu,0,26
69,Gansu,0,26
70,Gansu,0,26
71,Gansu,0,26
72,Gansu,0,26
73,Gansu,0,26
74,Gansu,0,26
75,Gansu,0,26
76,Gansu,0,26
77,Gansu,0,26
78,Gansu,0,26
79,Gansu,0,26
80,Gansu,0,26
81,Gansu,0,26
82,Gansu,0,26
83,Gansu,2,26
84,Gansu,2,26
85,Gansu,3,26
86,Gansu,7,26
87,Gansu,5,26
88,Gansu,5,26
89,Gansu,2,26
90,Gansu,4,26
91,Gansu,6,26
92,Gansu,5,26
93,Gansu,11,26
94,Gansu,5,26
95,Gansu,1,26
96,Gansu,5,26
97,Gansu,5,26
98,Gansu,1,26
99,Gansu,10,26
100,Gansu,5,26
101,Gansu,1,26
102,Gansu,0,26
103,Gansu,1,26
104,Gansu,3,26
105,Gansu,0,26
106,Gansu,0,26
107,Gansu,1,26
108,Gansu,0,26
109,Gansu,0,26
110,Gansu,0,26
111,Gansu,0,26
112,Gansu,0,26
113,Gansu,0,26
114,Gansu,0,26
115,Gansu,0,26
116,Gansu,0,26
117,Gansu,0,26
118,Gansu,0,26
119,Gansu,0,26
120,Gansu,0,26
121,Gansu,0,26
122,Gansu,0,26
123,Gansu,0,26
0,Xinjiang,0,27
1,Xinjiang,0,27
2,Xinjiang,0,27
3,Xinjiang,0,27
4,Xinjiang,0,27
5,Xinjiang,0,27
6,Xinjiang,0,27
7,Xinjiang,0,27
8,Xinjiang,0,27
9,Xinjiang,0,27
10,Xinjiang,0,27
11,Xinjiang,0,27
12,Xinjiang,0,27
13,Xinjiang,0,27
14,Xinjiang,0,27
15,Xinjiang,0,27
16,Xinjiang,0,27
17,Xinjiang,0,27
18,Xinjiang,0,27
19,Xinjiang,0,27
20,Xinjiang,0,27
21,Xinjiang,0,27
22,Xinjiang,0,27
23,Xinjiang,0,27
24,Xinjiang,0,27
25,Xinjiang,0,27
26,Xinjiang,0,27
27,Xinjiang,0,27
28,Xinjiang,0,27
29,Xinjiang,0,27
30,Xinjiang,0,27
31,Xinjiang,0,27
32,Xinjiang,0,27
33,Xinjiang,0,27
34,Xinjiang,0,27
35,Xinjiang,0,27
36,Xinjiang,0,27
37,Xinjiang,0,27
38,Xinjiang,0,27
39,Xinjiang,0,27
40,Xinjiang,0,27
41,Xinjiang,0,27
42,Xinjiang,0,27
43,Xinjiang,0,27
44,Xinjiang,0,27
45,Xinjiang,0,27
46,Xinjiang,0,27
47,Xinjiang,0,27
48,Xinjiang,0,27
49,Xinjiang,0,27
50,Xinjiang,0,27
51,Xinjiang,0,27
52,Xinjiang,0,27
53,Xinjiang,0,27
54,Xinjiang,0,27
55,Xinjiang,0,27
56,Xinjiang,0,27
57,Xinjiang,0,27
58,Xinjiang,0,27
59,Xinjiang,0,27
60,Xinjiang,0,27
61,Xinjiang,0,27
62,Xinjiang,0,27
63,Xinjiang,0,27
64,Xinjiang,0,27
65,Xinjiang,0,27
66,Xinjiang,0,27
67,Xinjiang,0,27
68,Xinjiang,0,27
69,Xinjiang,0,27
70,Xinjiang,0,27
71,Xinjiang,0,27
72,Xinjiang,0,27
73,Xinjiang,0,27
74,Xinjiang,0,27
75,Xinjiang,0,27
76,Xinjiang,0,27
77,Xinjiang,0,27
78,Xinjiang,0,27
79,Xinjiang,0,27
80,Xinjiang,0,27
81,Xinjiang,0,27
82,Xinjiang,0,27
83,Xinjiang,2,27
84,Xinjiang,1,27
85,Xinjiang,1,27
86,Xinjiang,1,27
87,Xinjiang,5,27
88,Xinjiang,3,27
89,Xinjiang,1,27
90,Xinjiang,3,27
91,Xinjiang,1,27
92,Xinjiang,3,27
93,Xinjiang,3,27
94,Xinjiang,5,27
95,Xinjiang,3,27
96,Xinjiang,4,27
97,Xinjiang,4,27
98,Xinjiang,3,27
99,Xinjiang,3,27
100,Xinjiang,4,27
101,Xinjiang,6,27
102,Xinjiang,4,27
103,Xinjiang,4,27
104,Xinjiang,2,27
105,Xinjiang,5,27
106,Xinjiang,1,27
107,Xinjiang,2,27
108,Xinjiang,1,27
109,Xinjiang,0,27
110,Xinjiang,0,27
111,Xinjiang,0,27
112,Xinjiang,0,27
113,Xinjiang,0,27
114,Xinjiang,0,27
115,Xinjiang,0,27
116,Xinjiang,0,27
117,Xinjiang,0,27
118,Xinjiang,0,27
119,Xinjiang,0,27
120,Xinjiang,0,27
121,Xinjiang,0,27
122,Xinjiang,0,27
123,Xinjiang,0,27
0,Inner Mongolia,0,28
1,Inner Mongolia,0,28
2,Inner Mongolia,0,28
3,Inner Mongolia,0,28
4,Inner Mongolia,0,28
5,Inner Mongolia,0,28
6,Inner Mongolia,0,28
7,Inner Mongolia,0,28
8,Inner Mongolia,0,28
9,Inner Mongolia,0,28
10,Inner Mongolia,0,28
11,Inner Mongolia,0,28
12,Inner Mongolia,0,28
13,Inner Mongolia,0,28
14,Inner Mongolia,0,28
15,Inner Mongolia,0,28
16,Inner Mongolia,0,28
17,Inner Mongolia,0,28
18,Inner Mongolia,0,28
19,Inner Mongolia,0,28
20,Inner Mongolia,0,28
21,Inner Mongolia,0,28
22,Inner Mongolia,0,28
23,Inner Mongolia,0,28
24,Inner Mongolia,0,28
25,Inner Mongolia,0,28
26,Inner Mongolia,0,28
27,Inner Mongolia,0,28
28,Inner Mongolia,0,28
29,Inner Mongolia,0,28
30,Inner Mongolia,0,28
31,Inner Mongolia,0,28
32,Inner Mongolia,0,28
33,Inner Mongolia,0,28
34,Inner Mongolia,0,28
35,Inner Mongolia,0,28
36,Inner Mongolia,0,28
37,Inner Mongolia,0,28
38,Inner Mongolia,0,28
39,Inner Mongolia,0,28
40,Inner Mongolia,0,28
41,Inner Mongolia,0,28
42,Inner Mongolia,0,28
43,Inner Mongolia,0,28
44,Inner Mongolia,0,28
45,Inner Mongolia,0,28
46,Inner Mongolia,0,28
47,Inner Mongolia,0,28
48,Inner Mongolia,0,28
49,Inner Mongolia,0,28
50,Inner Mongolia,0,28
51,Inner Mongolia,0,28
52,Inner Mongolia,0,28
53,Inner Mongolia,0,28
54,Inner Mongolia,0,28
55,Inner Mongolia,0,28
56,Inner Mongolia,0,28
57,Inner Mongolia,0,28
58,Inner Mongolia,0,28
59,Inner Mongolia,0,28
60,Inner Mongolia,0,28
61,Inner Mongolia,0,28
62,Inner Mongolia,0,28
63,Inner Mongolia,0,28
64,Inner Mongolia,0,28
65,Inner Mongolia,0,28
66,Inner Mongolia,0,28
67,Inner Mongolia,0,28
68,Inner Mongolia,0,28
69,Inner Mongolia,0,28
70,Inner Mongolia,0,28
71,Inner Mongolia,0,28
72,Inner Mongolia,0,28
73,Inner Mongolia,0,28
74,Inner Mongolia,0,28
75,Inner Mongolia,0,28
76,Inner Mongolia,0,28
77,Inner Mongolia,0,28
78,Inner Mongolia,0,28
79,Inner Mongolia,0,28
80,Inner Mongolia,0,28
81,Inner Mongolia,0,28
82,Inner Mongolia,0,28
83,Inner Mongolia,1,28
84,Inner Mongolia,1,28
85,Inner Mongolia,5,28
86,Inner Mongolia,4,28
87,Inner Mongolia,2,28
88,Inner Mongolia,3,28
89,Inner Mongolia,2,28
90,Inner Mongolia,2,28
91,Inner Mongolia,3,28
92,Inner Mongolia,3,28
93,Inner Mongolia,7,28
94,Inner Mongolia,4,28
95,Inner Mongolia,5,28
96,Inner Mongolia,4,28
97,Inner Mongolia,4,28
98,Inner Mongolia,1,28
99,Inner Mongolia,4,28
100,Inner Mongolia,4,28
101,Inner Mongolia,0,28
102,Inner Mongolia,2,28
103,Inner Mongolia,1,28
104,Inner Mongolia,2,28
105,Inner Mongolia,5,28
106,Inner Mongolia,2,28
107,Inner Mongolia,2,28
108,Inner Mongolia,1,28
109,Inner Mongolia,2,28
110,Inner Mongolia,0,28
111,Inner Mongolia,0,28
112,Inner Mongolia,0,28
113,Inner Mongolia,0,28
114,Inner Mongolia,0,28
115,Inner Mongolia,0,28
116,Inner Mongolia,0,28
117,Inner Mongolia,0,28
118,Inner Mongolia,0,28
119,Inner Mongolia,0,28
120,Inner Mongolia,0,28
121,Inner Mongolia,0,28
122,Inner Mongolia,0,28
123,Inner Mongolia,0,28
0,Ningxia,0,29
1,Ningxia,0,29
2,Ningxia,0,29
3,Ningxia,0,29
4,Ningxia,0,29
5,Ningxia,0,29
6,Ningxia,0,29
7,Ningxia,0,29
8,Ningxia,0,29
9,Ningxia,0,29
10,Ningxia,0,29
11,Ningxia,0,29
12,Ningxia,0,29
13,Ningxia,0,29
14,Ningxia,0,29
15,Ningxia,0,29
16,Ningxia,0,29
17,Ningxia,0,29
18,Ningxia,0,29
19,Ningxia,0,29
20,Ningxia,0,29
21,Ningxia,0,29
22,Ningxia,0,29
23,Ningxia,0,29
24,Ningxia,0,29
25,Ningxia,0,29
26,Ningxia,0,29
27,Ningxia,0,29
28,Ningxia,0,29
29,Ningxia,0,29
30,Ningxia,0,29
31,Ningxia,0,29
32,Ningxia,0,29
33,Ningxia,0,29
34,Ningxia,0,29
35,Ningxia,0,29
36,Ningxia,0,29
37,Ningxia,0,29
38,Ningxia,0,29
39,Ningxia,0,29
40,Ningxia,0,29
41,Ningxia,0,29
42,Ningxia,0,29
43,Ningxia,0,29
44,Ningxia,0,29
45,Ningxia,0,29
46,Ningxia,0,29
47,Ningxia,0,29
48,Ningxia,0,29
49,Ningxia,0,29
50,Ningxia,0,29
51,Ningxia,0,29
52,Ningxia,0,29
53,Ningxia,0,29
54,Ningxia,0,29
55,Ningxia,0,29
56,Ningxia,0,29
57,Ningxia,0,29
58,Ningxia,0,29
59,Ningxia,0,29
60,Ningxia,0,29
61,Ningxia,0,29
62,Ningxia,0,29
63,Ningxia,0,29
64,Ningxia,0,29
65,Ningxia,0,29
66,Ningxia,0,29
67,Ningxia,0,29
68,Ningxia,0,29
69,Ningxia,0,29
70,Ningxia,0,29
71,Ningxia,0,29
72,Ningxia,0,29
73,Ningxia,0,29
74,Ningxia,0,29
75,Ningxia,0,29
76,Ningxia,0,29
77,Ningxia,0,29
78,Ningxia,0,29
79,Ningxia,0,29
80,Ningxia,0,29
81,Ningxia,0,29
82,Ningxia,1,29
83,Ningxia,1,29
84,Ningxia,1,29
85,Ningxia,1,29
86,Ningxia,3,29
87,Ningxia,4,29
88,Ningxia,1,29
89,Ningxia,5,29
90,Ningxia,4,29
91,Ningxia,5,29
92,Ningxia,2,29
93,Ningxia,3,29
94,Ningxia,3,29
95,Ningxia,0,29
96,Ningxia,6,29
97,Ningxia,6,29
98,Ningxia,2,29
99,Ningxia,0,29
100,Ningxia,4,29
101,Ningxia,4,29
102,Ningxia,5,29
103,Ningxia,6,29
104,Ningxia,3,29
105,Ningxia,3,29
106,Ningxia,0,29
107,Ningxia,0,29
108,Ningxia,0,29
109,Ningxia,1,29
110,Ningxia,0,29
111,Ningxia,0,29
112,Ningxia,0,29
113,Ningxia,0,29
114,Ningxia,0,29
115,Ningxia,0,29
116,Ningxia,0,29
117,Ningxia,1,29
118,Ningxia,0,29
119,Ningxia,1,29
120,Ningxia,0,29
121,Ningxia,1,29
122,Ningxia,0,29
123,Ningxia,1,29
0,Qinghai,0,30
1,Qinghai,0,30
2,Qinghai,0,30
3,Qinghai,0,30
4,Qinghai,0,30
5,Qinghai,0,30
6,Qinghai,0,30
7,Qinghai,0,30
8,Qinghai,0,30
9,Qinghai,0,30
10,Qinghai,0,30
11,Qinghai,0,30
12,Qinghai,0,30
13,Qinghai,0,30
14,Qinghai,0,30
15,Qinghai,0,30
16,Qinghai,0,30
17,Qinghai,0,30
18,Qinghai,0,30
19,Qinghai,0,30
20,Qinghai,0,30
21,Qinghai,0,30
22,Qinghai,0,30
23,Qinghai,0,30
24,Qinghai,0,30
25,Qinghai,0,30
26,Qinghai,0,30
27,Qinghai,0,30
28,Qinghai,0,30
29,Qinghai,0,30
30,Qinghai,0,30
31,Qinghai,0,30
32,Qinghai,0,30
33,Qinghai,0,30
34,Qinghai,0,30
35,Qinghai,0,30
36,Qinghai,0,30
37,Qinghai,0,30
38,Qinghai,0,30
39,Qinghai,0,30
40,Qinghai,0,30
41,Qinghai,0,30
42,Qinghai,0,30
43,Qinghai,0,30
44,Qinghai,0,30
45,Qinghai,0,30
46,Qinghai,0,30
47,Qinghai,0,30
48,Qinghai,0,30
49,Qinghai,0,30
50,Qinghai,0,30
51,Qinghai,0,30
52,Qinghai,0,30
53,Qinghai,0,30
54,Qinghai,0,30
55,Qinghai,0,30
56,Qinghai,0,30
57,Qinghai,0,30
58,Qinghai,0,30
59,Qinghai,0,30
60,Qinghai,0,30
61,Qinghai,0,30
62,Qinghai,0,30
63,Qinghai,0,30
64,Qinghai,0,30
65,Qinghai,0,30
66,Qinghai,0,30
67,Qinghai,0,30
68,Qinghai,0,30
69,Qinghai,0,30
70,Qinghai,0,30
71,Qinghai,0,30
72,Qinghai,0,30
73,Qinghai,0,30
74,Qinghai,0,30
75,Qinghai,0,30
76,Qinghai,0,30
77,Qinghai,0,30
78,Qinghai,0,30
79,Qinghai,0,30
80,Qinghai,0,30
81,Qinghai,0,30
82,Qinghai,0,30
83,Qinghai,0,30
84,Qinghai,0,30
85,Qinghai,1,30
86,Qinghai,3,30
87,Qinghai,2,30
88,Qinghai,0,30
89,Qinghai,0,30
90,Qinghai,2,30
91,Qinghai,0,30
92,Qinghai,1,30
93,Qinghai,4,30
94,Qinghai,2,30
95,Qinghai,2,30
96,Qinghai,1,30
97,Qinghai,1,30
98,Qinghai,0,30
99,Qinghai,0,30
100,Qinghai,0,30
101,Qinghai,0,30
102,Qinghai,0,30
103,Qinghai,0,30
104,Qinghai,0,30
105,Qinghai,0,30
106,Qinghai,0,30
107,Qinghai,0,30
108,Qinghai,0,30
109,Qinghai,0,30
110,Qinghai,0,30
111,Qinghai,0,30
112,Qinghai,0,30
113,Qinghai,0,30
114,Qinghai,0,30
115,Qinghai,0,30
116,Qinghai,0,30
117,Qinghai,0,30
118,Qinghai,0,30
119,Qinghai,0,30
120,Qinghai,0,30
121,Qinghai,0,30
122,Qinghai,0,30
123,Qinghai,0,30
